,City,Type,Place,Timestamp,current_popularity,popularity_mo_0,popularity_mo_1,popularity_mo_2,popularity_mo_3,popularity_mo_4,popularity_mo_5,popularity_mo_6,popularity_mo_7,popularity_mo_8,popularity_mo_9,popularity_mo_10,popularity_mo_11,popularity_mo_12,popularity_mo_13,popularity_mo_14,popularity_mo_15,popularity_mo_16,popularity_mo_17,popularity_mo_18,popularity_mo_19,popularity_mo_20,popularity_mo_21,popularity_mo_22,popularity_mo_23,popularity_tu_0,popularity_tu_1,popularity_tu_2,popularity_tu_3,popularity_tu_4,popularity_tu_5,popularity_tu_6,popularity_tu_7,popularity_tu_8,popularity_tu_9,popularity_tu_10,popularity_tu_11,popularity_tu_12,popularity_tu_13,popularity_tu_14,popularity_tu_15,popularity_tu_16,popularity_tu_17,popularity_tu_18,popularity_tu_19,popularity_tu_20,popularity_tu_21,popularity_tu_22,popularity_tu_23,popularity_wed_0,popularity_wed_1,popularity_wed_2,popularity_wed_3,popularity_wed_4,popularity_wed_5,popularity_wed_6,popularity_wed_7,popularity_wed_8,popularity_wed_9,popularity_wed_10,popularity_wed_11,popularity_wed_12,popularity_wed_13,popularity_wed_14,popularity_wed_15,popularity_wed_16,popularity_wed_17,popularity_wed_18,popularity_wed_19,popularity_wed_20,popularity_wed_21,popularity_wed_22,popularity_wed_23,popularity_th_0,popularity_th_1,popularity_th_2,popularity_th_3,popularity_th_4,popularity_th_5,popularity_th_6,popularity_th_7,popularity_th_8,popularity_th_9,popularity_th_10,popularity_th_11,popularity_th_12,popularity_th_13,popularity_th_14,popularity_th_15,popularity_th_16,popularity_th_17,popularity_th_18,popularity_th_19,popularity_th_20,popularity_th_21,popularity_th_22,popularity_th_23,popularity_fr_0,popularity_fr_1,popularity_fr_2,popularity_fr_3,popularity_fr_4,popularity_fr_5,popularity_fr_6,popularity_fr_7,popularity_fr_8,popularity_fr_9,popularity_fr_10,popularity_fr_11,popularity_fr_12,popularity_fr_13,popularity_fr_14,popularity_fr_15,popularity_fr_16,popularity_fr_17,popularity_fr_18,popularity_fr_19,popularity_fr_20,popularity_fr_21,popularity_fr_22,popularity_fr_23,popularity_sat_0,popularity_sat_1,popularity_sat_2,popularity_sat_3,popularity_sat_4,popularity_sat_5,popularity_sat_6,popularity_sat_7,popularity_sat_8,popularity_sat_9,popularity_sat_10,popularity_sat_11,popularity_sat_12,popularity_sat_13,popularity_sat_14,popularity_sat_15,popularity_sat_16,popularity_sat_17,popularity_sat_18,popularity_sat_19,popularity_sat_20,popularity_sat_21,popularity_sat_22,popularity_sat_23,popularity_su_0,popularity_su_1,popularity_su_2,popularity_su_3,popularity_su_4,popularity_su_5,popularity_su_6,popularity_su_7,popularity_su_8,popularity_su_9,popularity_su_10,popularity_su_11,popularity_su_12,popularity_su_13,popularity_su_14,popularity_su_15,popularity_su_16,popularity_su_17,popularity_su_18,popularity_su_19,popularity_su_20,popularity_su_21,popularity_su_22,popularity_su_23,time_spent_lo,time_spent_hi
0,Berlin,Park,Gleisdreieck Park,26-03-2020-20-40-56,22,1,1,1,1,1,0,3,7,12,18,24,29,33,35,36,34,32,27,22,16,11,6,2,0,1,1,1,1,1,1,2,6,13,21,28,33,38,41,44,42,37,30,24,19,15,12,9,6,3,1,0,1,1,1,2,8,15,22,26,28,32,40,49,53,48,37,24,14,7,4,2,1,1,1,1,1,1,0,4,8,14,21,29,37,45,51,54,51,44,34,25,17,12,8,4,2,0,1,1,1,1,1,5,11,18,26,23,33,50,75,96,100,83,59,41,31,24,18,13,8,5,3,0,1,0,1,4,7,11,16,23,33,50,75,96,100,83,59,41,31,24,18,13,8,5,2,0,0,1,1,1,3,7,13,24,41,64,86,98,94,75,52,32,18,10,5,2,0,60,60
1,Berlin,Park,Gleisdreieck Park,27-03-2020-09-00-19,21,1,1,1,1,1,0,3,7,12,18,24,29,33,35,36,34,32,27,22,16,11,6,2,0,1,1,1,1,1,1,2,6,13,21,28,33,38,41,44,42,37,30,24,19,15,12,9,6,3,1,0,1,1,1,2,8,15,22,26,28,32,40,49,53,48,37,24,14,7,4,2,1,1,1,1,1,1,0,4,8,14,21,29,37,45,51,54,51,44,34,25,17,12,8,4,2,0,1,1,1,1,1,5,11,18,26,23,33,50,75,96,100,83,59,41,31,24,18,13,8,5,3,0,1,0,1,4,7,11,16,23,33,50,75,96,100,83,59,41,31,24,18,13,8,5,2,0,0,1,1,1,3,7,13,24,41,64,86,98,94,75,52,32,18,10,5,2,0,60,60
2,Berlin,Park,Gleisdreieck Park,27-03-2020-10-01-29,26,1,1,1,1,1,0,3,7,12,18,24,29,33,35,36,34,32,27,22,16,11,6,2,0,1,1,1,1,1,1,2,6,13,21,28,33,38,41,44,42,37,30,24,19,15,12,9,6,3,1,0,1,1,1,2,8,15,22,26,28,32,40,49,53,48,37,24,14,7,4,2,1,1,1,1,1,1,0,4,8,14,21,29,37,45,51,54,51,44,34,25,17,12,8,4,2,0,1,1,1,1,1,5,11,18,26,23,33,50,75,96,100,83,59,41,31,24,18,13,8,5,3,0,1,0,1,4,7,11,16,23,33,50,75,96,100,83,59,41,31,24,18,13,8,5,2,0,0,1,1,1,3,7,13,24,41,64,86,98,94,75,52,32,18,10,5,2,0,60,60
3,Berlin,Park,Gleisdreieck Park,27-03-2020-11-00-32,41,1,1,1,1,1,0,3,7,12,18,24,29,33,35,36,34,32,27,22,16,11,6,2,0,1,1,1,1,1,1,2,6,13,21,28,33,38,41,44,42,37,30,24,19,15,12,9,6,3,1,0,1,1,1,2,8,15,22,26,28,32,40,49,53,48,37,24,14,7,4,2,1,1,1,1,1,1,0,4,8,14,21,29,37,45,51,54,51,44,34,25,17,12,8,4,2,0,1,1,1,1,1,5,11,18,26,23,33,50,75,96,100,83,59,41,31,24,18,13,8,5,3,0,1,0,1,4,7,11,16,23,33,50,75,96,100,83,59,41,31,24,18,13,8,5,2,0,0,1,1,1,3,7,13,24,41,64,86,98,94,75,52,32,18,10,5,2,0,60,60
4,Berlin,Park,Grosser Tiergarten,27-03-2020-10-02-34,23,0,0,0,0,0,0,2,6,10,16,22,28,32,34,34,33,31,27,23,18,13,8,4,1,0,0,0,0,0,0,2,6,10,15,21,27,33,37,38,37,35,37,54,83,100,87,68,55,36,15,3,0,0,1,3,6,10,15,21,28,34,39,40,38,35,31,28,24,20,15,9,4,1,0,0,0,0,0,2,4,8,13,21,31,39,43,40,34,28,26,27,27,24,18,11,5,1,0,0,0,0,1,3,6,10,15,20,32,46,57,62,58,49,38,29,22,16,12,8,5,5,2,0,0,0,0,1,2,6,11,20,32,46,57,62,58,49,38,29,22,16,12,8,5,3,1,0,0,0,0,0,0,3,11,24,42,58,66,65,58,49,40,30,20,12,6,3,1,-,-
5,Berlin,Park,Grosser Tiergarten,27-03-2020-11-01-46,25,0,0,0,0,0,0,2,6,10,16,22,28,32,34,34,33,31,27,23,18,13,8,4,1,0,0,0,0,0,0,2,6,10,15,21,27,33,37,38,37,35,37,54,83,100,87,68,55,36,15,3,0,0,1,3,6,10,15,21,28,34,39,40,38,35,31,28,24,20,15,9,4,1,0,0,0,0,0,2,4,8,13,21,31,39,43,40,34,28,26,27,27,24,18,11,5,1,0,0,0,0,1,3,6,10,15,20,32,46,57,62,58,49,38,29,22,16,12,8,5,5,2,0,0,0,0,1,2,6,11,20,32,46,57,62,58,49,38,29,22,16,12,8,5,3,1,0,0,0,0,0,0,3,11,24,42,58,66,65,58,49,40,30,20,12,6,3,1,-,-
6,Berlin,Park,Mauer Park,26-03-2020-20-40-58,13,0,0,0,0,0,0,0,0,1,2,4,5,6,7,8,8,8,7,5,3,2,1,1,0,0,0,0,0,0,0,0,1,2,4,6,7,8,7,7,6,5,5,4,3,2,2,3,7,7,2,0,0,0,0,0,1,2,3,4,5,6,8,10,11,8,5,3,2,2,1,0,0,0,0,0,0,0,0,0,0,1,3,4,6,8,9,11,10,9,7,5,5,3,2,1,0,0,0,0,0,0,0,0,1,2,4,6,9,13,16,19,20,17,12,7,5,4,4,3,2,1,0,0,0,0,0,0,0,0,2,6,9,13,16,19,20,17,12,7,5,4,4,3,2,1,1,0,0,0,0,1,3,7,16,30,50,73,92,100,91,70,46,25,12,5,2,1,0,-,-
7,Berlin,Park,Mauer Park,27-03-2020-09-00-20,10,0,0,0,0,0,0,0,0,1,2,4,5,6,7,8,8,8,7,5,3,2,1,1,0,0,0,0,0,0,0,0,1,2,4,6,7,8,7,7,6,5,5,4,3,2,2,3,7,7,2,0,0,0,0,0,1,2,3,4,5,6,8,10,11,8,5,3,2,2,1,0,0,0,0,0,0,0,0,0,0,1,3,4,6,8,9,11,10,9,7,5,5,3,2,1,0,0,0,0,0,0,0,0,1,2,4,6,9,13,16,19,20,17,12,7,5,4,4,3,2,1,0,0,0,0,0,0,0,0,2,6,9,13,16,19,20,17,12,7,5,4,4,3,2,1,1,0,0,0,0,1,3,7,16,30,50,73,92,100,91,70,46,25,12,5,2,1,0,-,-
8,Berlin,Park,Mauer Park,27-03-2020-10-01-32,11,0,0,0,0,0,0,0,0,1,2,4,5,6,7,8,8,8,7,5,3,2,1,1,0,0,0,0,0,0,0,0,1,2,4,6,7,8,7,7,6,5,5,4,3,2,2,3,7,7,2,0,0,0,0,0,1,2,3,4,5,6,8,10,11,8,5,3,2,2,1,0,0,0,0,0,0,0,0,0,0,1,3,4,6,8,9,11,10,9,7,5,5,3,2,1,0,0,0,0,0,0,0,0,1,2,4,6,9,13,16,19,20,17,12,7,5,4,4,3,2,1,0,0,0,0,0,0,0,0,2,6,9,13,16,19,20,17,12,7,5,4,4,3,2,1,1,0,0,0,0,1,3,7,16,30,50,73,92,100,91,70,46,25,12,5,2,1,0,-,-
9,Berlin,Park,Mauer Park,27-03-2020-11-00-34,18,0,0,0,0,0,0,0,0,1,2,4,5,6,7,8,8,8,7,5,3,2,1,1,0,0,0,0,0,0,0,0,1,2,4,6,7,8,7,7,6,5,5,4,3,2,2,3,7,7,2,0,0,0,0,0,1,2,3,4,5,6,8,10,11,8,5,3,2,2,1,0,0,0,0,0,0,0,0,0,0,1,3,4,6,8,9,11,10,9,7,5,5,3,2,1,0,0,0,0,0,0,0,0,1,2,4,6,9,13,16,19,20,17,12,7,5,4,4,3,2,1,0,0,0,0,0,0,0,0,2,6,9,13,16,19,20,17,12,7,5,4,4,3,2,1,1,0,0,0,0,1,3,7,16,30,50,73,92,100,91,70,46,25,12,5,2,1,0,-,-
10,Berlin,Park,Treptower Park,26-03-2020-20-40-54,24,1,0,0,0,0,0,0,0,0,0,20,25,29,32,33,31,28,23,18,13,9,5,2,0,1,0,0,0,0,0,0,0,0,0,23,28,31,34,35,33,28,22,17,14,13,12,11,9,6,0,0,0,0,0,0,0,0,0,21,25,29,34,38,38,34,25,17,10,5,3,2,1,1,0,0,0,0,0,0,0,0,0,26,34,39,41,39,35,29,23,18,13,10,7,4,2,1,0,0,0,0,0,0,0,0,0,28,41,49,60,82,100,86,51,27,18,15,13,10,7,6,0,0,0,0,0,0,0,0,0,28,41,49,60,82,100,86,51,27,18,15,13,10,7,5,0,0,0,0,0,0,0,0,0,26,44,65,80,84,75,57,38,23,14,8,5,4,2,60,60
11,Berlin,Park,Treptower Park,27-03-2020-10-01-23,35,1,0,0,0,0,0,0,0,0,0,20,25,29,32,33,31,28,23,18,13,9,5,2,0,1,0,0,0,0,0,0,0,0,0,23,28,31,34,35,33,28,22,17,14,13,12,11,9,6,0,0,0,0,0,0,0,0,0,21,25,29,34,38,38,34,25,17,10,5,3,2,1,1,0,0,0,0,0,0,0,0,0,26,34,39,41,39,35,29,23,18,13,10,7,4,2,1,0,0,0,0,0,0,0,0,0,28,41,49,60,82,100,86,51,27,18,15,13,10,7,6,0,0,0,0,0,0,0,0,0,28,41,49,60,82,100,86,51,27,18,15,13,10,7,5,0,0,0,0,0,0,0,0,0,26,44,65,80,84,75,57,38,23,14,8,5,4,2,60,60
12,Berlin,Park,Treptower Park,27-03-2020-11-00-28,34,1,0,0,0,0,0,0,0,0,0,20,25,29,32,33,31,28,23,18,13,9,5,2,0,1,0,0,0,0,0,0,0,0,0,23,28,31,34,35,33,28,22,17,14,13,12,11,9,6,0,0,0,0,0,0,0,0,0,21,25,29,34,38,38,34,25,17,10,5,3,2,1,1,0,0,0,0,0,0,0,0,0,26,34,39,41,39,35,29,23,18,13,10,7,4,2,1,0,0,0,0,0,0,0,0,0,28,41,49,60,82,100,86,51,27,18,15,13,10,7,6,0,0,0,0,0,0,0,0,0,28,41,49,60,82,100,86,51,27,18,15,13,10,7,5,0,0,0,0,0,0,0,0,0,26,44,65,80,84,75,57,38,23,14,8,5,4,2,60,60
13,Berlin,Park,Volkspark Friedrichshain,26-03-2020-20-40-55,28,0,0,0,0,0,0,1,4,8,12,15,15,17,20,24,25,22,17,12,8,5,3,2,1,0,0,0,0,0,0,1,3,6,10,14,19,22,25,25,24,22,18,14,11,8,7,7,6,4,2,0,0,0,0,1,3,6,10,15,20,25,31,38,39,33,23,15,10,7,5,3,2,0,0,0,0,0,0,2,5,9,14,19,23,27,30,34,35,31,23,16,11,9,8,6,4,2,0,0,0,0,0,2,6,11,16,29,48,58,64,74,80,67,42,22,14,13,13,12,10,6,4,1,0,0,0,0,0,1,11,29,48,58,64,74,80,67,42,22,14,13,13,12,10,8,5,3,1,0,0,0,1,5,16,35,57,75,89,100,97,77,46,20,6,1,0,0,0,-,-
14,Berlin,Park,Volkspark Friedrichshain,27-03-2020-09-00-18,25,0,0,0,0,0,0,1,4,8,12,15,15,17,20,24,25,22,17,12,8,5,3,2,1,0,0,0,0,0,0,1,3,6,10,14,19,22,25,25,24,22,18,14,11,8,7,7,6,4,2,0,0,0,0,1,3,6,10,15,20,25,31,38,39,33,23,15,10,7,5,3,2,0,0,0,0,0,0,2,5,9,14,19,23,27,30,34,35,31,23,16,11,9,8,6,4,2,0,0,0,0,0,2,6,11,16,29,48,58,64,74,80,67,42,22,14,13,13,12,10,6,4,1,0,0,0,0,0,1,11,29,48,58,64,74,80,67,42,22,14,13,13,12,10,8,5,3,1,0,0,0,1,5,16,35,57,75,89,100,97,77,46,20,6,1,0,0,0,-,-
15,Berlin,Park,Volkspark Friedrichshain,27-03-2020-10-01-26,32,0,0,0,0,0,0,1,4,8,12,15,15,17,20,24,25,22,17,12,8,5,3,2,1,0,0,0,0,0,0,1,3,6,10,14,19,22,25,25,24,22,18,14,11,8,7,7,6,4,2,0,0,0,0,1,3,6,10,15,20,25,31,38,39,33,23,15,10,7,5,3,2,0,0,0,0,0,0,2,5,9,14,19,23,27,30,34,35,31,23,16,11,9,8,6,4,2,0,0,0,0,0,2,6,11,16,29,48,58,64,74,80,67,42,22,14,13,13,12,10,6,4,1,0,0,0,0,0,1,11,29,48,58,64,74,80,67,42,22,14,13,13,12,10,8,5,3,1,0,0,0,1,5,16,35,57,75,89,100,97,77,46,20,6,1,0,0,0,-,-
16,Berlin,Park,Volkspark Friedrichshain,27-03-2020-11-00-30,45,0,0,0,0,0,0,1,4,8,12,15,15,17,20,24,25,22,17,12,8,5,3,2,1,0,0,0,0,0,0,1,3,6,10,14,19,22,25,25,24,22,18,14,11,8,7,7,6,4,2,0,0,0,0,1,3,6,10,15,20,25,31,38,39,33,23,15,10,7,5,3,2,0,0,0,0,0,0,2,5,9,14,19,23,27,30,34,35,31,23,16,11,9,8,6,4,2,0,0,0,0,0,2,6,11,16,29,48,58,64,74,80,67,42,22,14,13,13,12,10,6,4,1,0,0,0,0,0,1,11,29,48,58,64,74,80,67,42,22,14,13,13,12,10,8,5,3,1,0,0,0,1,5,16,35,57,75,89,100,97,77,46,20,6,1,0,0,0,-,-
17,Berlin,Supermarket,ALDI Invalidenstraﬂe,26-03-2020-20-41-23,11,0,0,0,0,0,0,0,16,31,50,68,78,78,74,73,80,91,98,93,75,51,0,0,0,0,0,0,0,0,0,0,13,31,50,60,63,63,62,62,67,75,77,67,47,27,0,0,0,0,0,0,0,0,0,0,15,27,38,48,56,59,58,54,56,64,72,67,49,27,0,0,0,0,0,0,0,0,0,0,16,31,48,59,61,56,53,58,71,84,88,77,57,35,0,0,0,0,0,0,0,0,0,0,20,34,47,66,69,74,87,91,81,79,94,100,75,38,0,0,0,0,0,0,0,0,0,0,9,27,50,66,69,74,87,91,81,79,94,100,75,38,0,0,0,0,0,0,0,0,0,0,0,0,0,0,0,0,0,0,0,0,0,0,0,0,0,0,0,20,20
18,Berlin,Supermarket,ALDI Invalidenstraﬂe,27-03-2020-09-00-45,34,0,0,0,0,0,0,0,16,31,50,68,78,78,74,73,80,91,98,93,75,51,0,0,0,0,0,0,0,0,0,0,13,31,50,60,63,63,62,62,67,75,77,67,47,27,0,0,0,0,0,0,0,0,0,0,15,27,38,48,56,59,58,54,56,64,72,67,49,27,0,0,0,0,0,0,0,0,0,0,16,31,48,59,61,56,53,58,71,84,88,77,57,35,0,0,0,0,0,0,0,0,0,0,20,34,47,66,69,74,87,91,81,79,94,100,75,38,0,0,0,0,0,0,0,0,0,0,9,27,50,66,69,74,87,91,81,79,94,100,75,38,0,0,0,0,0,0,0,0,0,0,0,0,0,0,0,0,0,0,0,0,0,0,0,0,0,0,0,20,20
19,Berlin,Supermarket,ALDI Invalidenstraﬂe,27-03-2020-10-02-12,44,0,0,0,0,0,0,0,16,31,50,68,78,78,74,73,80,91,98,93,75,51,0,0,0,0,0,0,0,0,0,0,13,31,50,60,63,63,62,62,67,75,77,67,47,27,0,0,0,0,0,0,0,0,0,0,15,27,38,48,56,59,58,54,56,64,72,67,49,27,0,0,0,0,0,0,0,0,0,0,16,31,48,59,61,56,53,58,71,84,88,77,57,35,0,0,0,0,0,0,0,0,0,0,20,34,47,66,69,74,87,91,81,79,94,100,75,38,0,0,0,0,0,0,0,0,0,0,9,27,50,66,69,74,87,91,81,79,94,100,75,38,0,0,0,0,0,0,0,0,0,0,0,0,0,0,0,0,0,0,0,0,0,0,0,0,0,0,0,20,20
20,Berlin,Supermarket,ALDI Invalidenstraﬂe,27-03-2020-11-01-09,51,0,0,0,0,0,0,0,16,31,50,68,78,78,74,73,80,91,98,93,75,51,0,0,0,0,0,0,0,0,0,0,13,31,50,60,63,63,62,62,67,75,77,67,47,27,0,0,0,0,0,0,0,0,0,0,15,27,38,48,56,59,58,54,56,64,72,67,49,27,0,0,0,0,0,0,0,0,0,0,16,31,48,59,61,56,53,58,71,84,88,77,57,35,0,0,0,0,0,0,0,0,0,0,20,34,47,66,69,74,87,91,81,79,94,100,75,38,0,0,0,0,0,0,0,0,0,0,9,27,50,66,69,74,87,91,81,79,94,100,75,38,0,0,0,0,0,0,0,0,0,0,0,0,0,0,0,0,0,0,0,0,0,0,0,0,0,0,0,20,20
21,Berlin,Supermarket,Hit Ullrich Kantstraﬂe,26-03-2020-20-41-17,7,0,0,0,0,0,0,0,5,9,15,20,24,26,26,26,29,39,51,53,42,35,32,13,0,0,0,0,0,0,0,0,5,10,16,22,26,28,27,26,30,36,41,39,33,29,21,9,0,0,0,0,0,0,0,0,5,10,15,21,26,30,32,33,36,43,51,50,39,32,28,13,0,0,0,0,0,0,0,0,5,10,17,24,29,32,32,32,36,44,50,49,44,38,26,10,0,0,0,0,0,0,0,0,5,10,15,11,15,19,21,23,27,33,41,43,40,40,43,25,0,0,0,0,0,0,0,0,2,4,7,11,15,19,21,23,27,33,41,43,40,40,43,25,0,0,0,0,0,0,0,0,0,0,11,23,41,60,73,81,87,96,100,92,83,67,33,0,0,20,20
22,Berlin,Supermarket,Hit Ullrich Kantstraﬂe,27-03-2020-09-00-40,17,0,0,0,0,0,0,0,5,9,15,20,24,26,26,26,29,39,51,53,42,35,32,13,0,0,0,0,0,0,0,0,5,10,16,22,26,28,27,26,30,36,41,39,33,29,21,9,0,0,0,0,0,0,0,0,5,10,15,21,26,30,32,33,36,43,51,50,39,32,28,13,0,0,0,0,0,0,0,0,5,10,17,24,29,32,32,32,36,44,50,49,44,38,26,10,0,0,0,0,0,0,0,0,5,10,15,11,15,19,21,23,27,33,41,43,40,40,43,25,0,0,0,0,0,0,0,0,2,4,7,11,15,19,21,23,27,33,41,43,40,40,43,25,0,0,0,0,0,0,0,0,0,0,11,23,41,60,73,81,87,96,100,92,83,67,33,0,0,20,20
23,Berlin,Supermarket,Hit Ullrich Kantstraﬂe,27-03-2020-10-02-06,16,0,0,0,0,0,0,0,5,9,15,20,24,26,26,26,29,39,51,53,42,35,32,13,0,0,0,0,0,0,0,0,5,10,16,22,26,28,27,26,30,36,41,39,33,29,21,9,0,0,0,0,0,0,0,0,5,10,15,21,26,30,32,33,36,43,51,50,39,32,28,13,0,0,0,0,0,0,0,0,5,10,17,24,29,32,32,32,36,44,50,49,44,38,26,10,0,0,0,0,0,0,0,0,5,10,15,11,15,19,21,23,27,33,41,43,40,40,43,25,0,0,0,0,0,0,0,0,2,4,7,11,15,19,21,23,27,33,41,43,40,40,43,25,0,0,0,0,0,0,0,0,0,0,11,23,41,60,73,81,87,96,100,92,83,67,33,0,0,20,20
24,Berlin,Supermarket,Hit Ullrich Kantstraﬂe,27-03-2020-11-01-03,12,0,0,0,0,0,0,0,5,9,15,20,24,26,26,26,29,39,51,53,42,35,32,13,0,0,0,0,0,0,0,0,5,10,16,22,26,28,27,26,30,36,41,39,33,29,21,9,0,0,0,0,0,0,0,0,5,10,15,21,26,30,32,33,36,43,51,50,39,32,28,13,0,0,0,0,0,0,0,0,5,10,17,24,29,32,32,32,36,44,50,49,44,38,26,10,0,0,0,0,0,0,0,0,5,10,15,11,15,19,21,23,27,33,41,43,40,40,43,25,0,0,0,0,0,0,0,0,2,4,7,11,15,19,21,23,27,33,41,43,40,40,43,25,0,0,0,0,0,0,0,0,0,0,11,23,41,60,73,81,87,96,100,92,83,67,33,0,0,20,20
25,Berlin,Supermarket,REWE Bismarkstrasse,27-03-2020-10-02-36,41,0,0,0,0,0,0,4,12,25,40,54,62,62,56,53,60,79,95,96,79,60,50,41,25,0,0,0,0,0,0,1,11,36,34,37,50,56,54,52,56,66,76,78,72,58,41,25,13,0,0,0,0,0,0,5,13,24,35,45,50,49,46,43,45,53,64,71,70,59,43,26,13,0,0,0,0,0,0,14,34,30,24,33,45,51,51,51,54,63,74,80,74,59,40,22,9,0,0,0,0,0,0,2,10,21,35,32,43,51,54,54,57,70,90,100,84,54,50,81,43,0,0,0,0,0,0,0,5,11,21,32,43,51,54,54,57,70,90,100,84,54,50,81,43,0,0,0,0,0,0,0,0,0,0,0,0,0,0,0,0,0,0,0,0,0,0,0,0,15,15
26,Berlin,Supermarket,REWE Bismarkstrasse,27-03-2020-11-01-48,48,0,0,0,0,0,0,4,12,25,40,54,62,62,56,53,60,79,95,96,79,60,50,41,25,0,0,0,0,0,0,1,11,36,34,37,50,56,54,52,56,66,76,78,72,58,41,25,13,0,0,0,0,0,0,5,13,24,35,45,50,49,46,43,45,53,64,71,70,59,43,26,13,0,0,0,0,0,0,14,34,30,24,33,45,51,51,51,54,63,74,80,74,59,40,22,9,0,0,0,0,0,0,2,10,21,35,32,43,51,54,54,57,70,90,100,84,54,50,81,43,0,0,0,0,0,0,0,5,11,21,32,43,51,54,54,57,70,90,100,84,54,50,81,43,0,0,0,0,0,0,0,0,0,0,0,0,0,0,0,0,0,0,0,0,0,0,0,0,15,15
27,Berlin,Supermarket,REWE Friedrichstraﬂe,27-03-2020-09-00-41,22,0,0,0,0,0,0,0,17,28,42,56,66,71,70,68,70,80,89,87,69,47,51,61,20,0,0,0,0,0,0,0,12,22,33,44,54,59,59,57,60,73,89,88,68,47,41,32,14,0,0,0,0,0,0,0,11,20,30,41,49,52,50,45,43,47,56,64,64,58,52,34,12,0,0,0,0,0,0,0,7,16,30,47,62,71,71,61,49,50,76,100,83,51,52,39,7,0,0,0,0,0,0,0,7,16,29,21,31,41,47,50,54,66,87,98,81,48,75,84,5,0,0,0,0,0,0,0,2,6,12,21,31,41,47,50,54,66,87,98,81,48,75,84,5,0,0,0,0,0,0,0,0,0,0,0,0,0,0,0,0,0,0,0,0,0,0,0,0,20,20
28,Berlin,Supermarket,REWE Friedrichstraﬂe,27-03-2020-10-02-08,19,0,0,0,0,0,0,0,17,28,42,56,66,71,70,68,70,80,89,87,69,47,51,61,20,0,0,0,0,0,0,0,12,22,33,44,54,59,59,57,60,73,89,88,68,47,41,32,14,0,0,0,0,0,0,0,11,20,30,41,49,52,50,45,43,47,56,64,64,58,52,34,12,0,0,0,0,0,0,0,7,16,30,47,62,71,71,61,49,50,76,100,83,51,52,39,7,0,0,0,0,0,0,0,7,16,29,21,31,41,47,50,54,66,87,98,81,48,75,84,5,0,0,0,0,0,0,0,2,6,12,21,31,41,47,50,54,66,87,98,81,48,75,84,5,0,0,0,0,0,0,0,0,0,0,0,0,0,0,0,0,0,0,0,0,0,0,0,0,20,20
29,Berlin,Supermarket,REWE Friedrichstraﬂe,27-03-2020-11-01-04,22,0,0,0,0,0,0,0,17,28,42,56,66,71,70,68,70,80,89,87,69,47,51,61,20,0,0,0,0,0,0,0,12,22,33,44,54,59,59,57,60,73,89,88,68,47,41,32,14,0,0,0,0,0,0,0,11,20,30,41,49,52,50,45,43,47,56,64,64,58,52,34,12,0,0,0,0,0,0,0,7,16,30,47,62,71,71,61,49,50,76,100,83,51,52,39,7,0,0,0,0,0,0,0,7,16,29,21,31,41,47,50,54,66,87,98,81,48,75,84,5,0,0,0,0,0,0,0,2,6,12,21,31,41,47,50,54,66,87,98,81,48,75,84,5,0,0,0,0,0,0,0,0,0,0,0,0,0,0,0,0,0,0,0,0,0,0,0,0,20,20
30,Berlin,Supermarket,Veganz Warschauer Str.,27-03-2020-09-00-44,4,0,0,0,0,0,0,0,0,6,13,20,28,35,39,41,42,45,53,63,64,51,0,0,0,0,0,0,0,0,0,0,0,3,6,11,17,23,27,27,27,30,40,54,63,56,0,0,0,0,0,0,0,0,0,0,0,3,7,12,18,25,29,31,31,32,41,59,67,51,0,0,0,0,0,0,0,0,0,0,0,3,7,12,18,25,30,32,33,36,43,55,63,58,0,0,0,0,0,0,0,0,0,0,0,3,7,12,24,39,55,68,76,84,92,100,97,81,0,0,0,0,0,0,0,0,0,0,0,2,5,12,24,39,55,68,76,84,92,100,97,81,0,0,0,0,0,0,0,0,0,0,0,0,0,0,0,0,0,0,0,0,0,0,0,0,0,0,0,15,90
31,Berlin,Supermarket,Veganz Warschauer Str.,27-03-2020-10-02-10,9,0,0,0,0,0,0,0,0,6,13,20,28,35,39,41,42,45,53,63,64,51,0,0,0,0,0,0,0,0,0,0,0,3,6,11,17,23,27,27,27,30,40,54,63,56,0,0,0,0,0,0,0,0,0,0,0,3,7,12,18,25,29,31,31,32,41,59,67,51,0,0,0,0,0,0,0,0,0,0,0,3,7,12,18,25,30,32,33,36,43,55,63,58,0,0,0,0,0,0,0,0,0,0,0,3,7,12,24,39,55,68,76,84,92,100,97,81,0,0,0,0,0,0,0,0,0,0,0,2,5,12,24,39,55,68,76,84,92,100,97,81,0,0,0,0,0,0,0,0,0,0,0,0,0,0,0,0,0,0,0,0,0,0,0,0,0,0,0,15,90
32,Berlin,Supermarket,Veganz Warschauer Str.,27-03-2020-11-01-07,15,0,0,0,0,0,0,0,0,6,13,20,28,35,39,41,42,45,53,63,64,51,0,0,0,0,0,0,0,0,0,0,0,3,6,11,17,23,27,27,27,30,40,54,63,56,0,0,0,0,0,0,0,0,0,0,0,3,7,12,18,25,29,31,31,32,41,59,67,51,0,0,0,0,0,0,0,0,0,0,0,3,7,12,18,25,30,32,33,36,43,55,63,58,0,0,0,0,0,0,0,0,0,0,0,3,7,12,24,39,55,68,76,84,92,100,97,81,0,0,0,0,0,0,0,0,0,0,0,2,5,12,24,39,55,68,76,84,92,100,97,81,0,0,0,0,0,0,0,0,0,0,0,0,0,0,0,0,0,0,0,0,0,0,0,0,0,0,0,15,90
33,Frankfurt,Park,Adolph von Holzhausen Park,26-03-2020-20-40-41,24,1,0,1,0,0,1,1,3,12,12,20,29,31,30,29,28,26,22,17,12,8,4,2,1,1,1,1,0,0,0,1,2,7,13,20,26,29,29,31,46,56,37,15,8,8,8,7,4,2,1,1,1,1,1,2,6,12,21,29,34,36,34,32,56,82,42,10,5,4,4,3,2,1,1,1,0,1,1,2,7,12,18,22,24,24,23,31,52,52,28,15,11,8,5,3,1,1,1,1,1,1,0,0,4,9,16,32,45,45,44,51,60,56,37,20,13,15,20,19,14,13,3,1,1,0,0,1,1,4,15,32,45,45,44,51,60,56,37,20,13,15,20,19,14,7,2,1,1,0,0,1,1,2,11,24,36,44,52,74,100,88,46,16,7,6,6,4,1,45,45
34,Frankfurt,Park,Adolph von Holzhausen Park,27-03-2020-09-00-05,33,1,0,1,0,0,1,1,3,12,12,20,29,31,30,29,28,26,22,17,12,8,4,2,1,1,1,1,0,0,0,1,2,7,13,20,26,29,29,31,46,56,37,15,8,8,8,7,4,2,1,1,1,1,1,2,6,12,21,29,34,36,34,32,56,82,42,10,5,4,4,3,2,1,1,1,0,1,1,2,7,12,18,22,24,24,23,31,52,52,28,15,11,8,5,3,1,1,1,1,1,1,0,0,4,9,16,32,45,45,44,51,60,56,37,20,13,15,20,19,14,13,3,1,1,0,0,1,1,4,15,32,45,45,44,51,60,56,37,20,13,15,20,19,14,7,2,1,1,0,0,1,1,2,11,24,36,44,52,74,100,88,46,16,7,6,6,4,1,45,45
35,Frankfurt,Park,Adolph von Holzhausen Park,27-03-2020-10-00-56,36,1,0,1,0,0,1,1,3,12,12,20,29,31,30,29,28,26,22,17,12,8,4,2,1,1,1,1,0,0,0,1,2,7,13,20,26,29,29,31,46,56,37,15,8,8,8,7,4,2,1,1,1,1,1,2,6,12,21,29,34,36,34,32,56,82,42,10,5,4,4,3,2,1,1,1,0,1,1,2,7,12,18,22,24,24,23,31,52,52,28,15,11,8,5,3,1,1,1,1,1,1,0,0,4,9,16,32,45,45,44,51,60,56,37,20,13,15,20,19,14,13,3,1,1,0,0,1,1,4,15,32,45,45,44,51,60,56,37,20,13,15,20,19,14,7,2,1,1,0,0,1,1,2,11,24,36,44,52,74,100,88,46,16,7,6,6,4,1,45,45
36,Frankfurt,Park,Adolph von Holzhausen Park,27-03-2020-11-00-10,28,1,0,1,0,0,1,1,3,12,12,20,29,31,30,29,28,26,22,17,12,8,4,2,1,1,1,1,0,0,0,1,2,7,13,20,26,29,29,31,46,56,37,15,8,8,8,7,4,2,1,1,1,1,1,2,6,12,21,29,34,36,34,32,56,82,42,10,5,4,4,3,2,1,1,1,0,1,1,2,7,12,18,22,24,24,23,31,52,52,28,15,11,8,5,3,1,1,1,1,1,1,0,0,4,9,16,32,45,45,44,51,60,56,37,20,13,15,20,19,14,13,3,1,1,0,0,1,1,4,15,32,45,45,44,51,60,56,37,20,13,15,20,19,14,7,2,1,1,0,0,1,1,2,11,24,36,44,52,74,100,88,46,16,7,6,6,4,1,45,45
37,Frankfurt,Park,Bethmann Park,26-03-2020-20-40-42,9,0,0,0,0,0,0,0,1,4,8,12,16,19,20,24,26,24,17,8,3,1,0,0,0,0,0,0,0,0,0,0,0,3,6,9,12,15,18,23,26,25,20,12,6,3,2,1,1,0,0,0,0,0,0,0,2,6,10,16,21,25,26,30,44,38,15,6,3,2,1,0,0,0,0,0,0,0,0,0,2,5,8,9,11,16,25,33,33,24,13,7,4,4,3,2,1,0,0,0,0,0,0,0,0,3,8,15,35,61,78,79,70,50,28,14,9,7,6,5,4,2,1,0,0,0,0,0,0,1,5,15,35,61,78,79,70,50,28,14,9,7,6,5,4,3,2,1,0,0,0,0,0,1,4,13,29,47,65,87,100,81,42,13,2,0,0,0,0,-,-
38,Frankfurt,Park,Bethmann Park,27-03-2020-09-00-06,14,0,0,0,0,0,0,0,1,4,8,12,16,19,20,24,26,24,17,8,3,1,0,0,0,0,0,0,0,0,0,0,0,3,6,9,12,15,18,23,26,25,20,12,6,3,2,1,1,0,0,0,0,0,0,0,2,6,10,16,21,25,26,30,44,38,15,6,3,2,1,0,0,0,0,0,0,0,0,0,2,5,8,9,11,16,25,33,33,24,13,7,4,4,3,2,1,0,0,0,0,0,0,0,0,3,8,15,35,61,78,79,70,50,28,14,9,7,6,5,4,2,1,0,0,0,0,0,0,1,5,15,35,61,78,79,70,50,28,14,9,7,6,5,4,3,2,1,0,0,0,0,0,1,4,13,29,47,65,87,100,81,42,13,2,0,0,0,0,-,-
39,Frankfurt,Park,Bethmann Park,27-03-2020-10-00-58,26,0,0,0,0,0,0,0,1,4,8,12,16,19,20,24,26,24,17,8,3,1,0,0,0,0,0,0,0,0,0,0,0,3,6,9,12,15,18,23,26,25,20,12,6,3,2,1,1,0,0,0,0,0,0,0,2,6,10,16,21,25,26,30,44,38,15,6,3,2,1,0,0,0,0,0,0,0,0,0,2,5,8,9,11,16,25,33,33,24,13,7,4,4,3,2,1,0,0,0,0,0,0,0,0,3,8,15,35,61,78,79,70,50,28,14,9,7,6,5,4,2,1,0,0,0,0,0,0,1,5,15,35,61,78,79,70,50,28,14,9,7,6,5,4,3,2,1,0,0,0,0,0,1,4,13,29,47,65,87,100,81,42,13,2,0,0,0,0,-,-
40,Frankfurt,Park,Bethmann Park,27-03-2020-11-00-11,15,0,0,0,0,0,0,0,1,4,8,12,16,19,20,24,26,24,17,8,3,1,0,0,0,0,0,0,0,0,0,0,0,3,6,9,12,15,18,23,26,25,20,12,6,3,2,1,1,0,0,0,0,0,0,0,2,6,10,16,21,25,26,30,44,38,15,6,3,2,1,0,0,0,0,0,0,0,0,0,2,5,8,9,11,16,25,33,33,24,13,7,4,4,3,2,1,0,0,0,0,0,0,0,0,3,8,15,35,61,78,79,70,50,28,14,9,7,6,5,4,2,1,0,0,0,0,0,0,1,5,15,35,61,78,79,70,50,28,14,9,7,6,5,4,3,2,1,0,0,0,0,0,1,4,13,29,47,65,87,100,81,42,13,2,0,0,0,0,-,-
41,Frankfurt,Park,Bethmannpark,26-03-2020-20-40-44,9,0,0,0,0,0,0,0,1,4,8,12,16,19,20,24,26,24,17,8,3,1,0,0,0,0,0,0,0,0,0,0,0,3,6,9,12,15,18,23,26,25,20,12,6,3,2,1,1,0,0,0,0,0,0,0,2,6,10,16,21,25,26,30,44,38,15,6,3,2,1,0,0,0,0,0,0,0,0,0,2,5,8,9,11,16,25,33,33,24,13,7,4,4,3,2,1,0,0,0,0,0,0,0,0,3,8,15,35,61,78,79,70,50,28,14,9,7,6,5,4,2,1,0,0,0,0,0,0,1,5,15,35,61,78,79,70,50,28,14,9,7,6,5,4,3,2,1,0,0,0,0,0,1,4,13,29,47,65,87,100,81,42,13,2,0,0,0,0,-,-
42,Frankfurt,Park,Bethmannpark,27-03-2020-09-00-08,14,0,0,0,0,0,0,0,1,4,8,12,16,19,20,24,26,24,17,8,3,1,0,0,0,0,0,0,0,0,0,0,0,3,6,9,12,15,18,23,26,25,20,12,6,3,2,1,1,0,0,0,0,0,0,0,2,6,10,16,21,25,26,30,44,38,15,6,3,2,1,0,0,0,0,0,0,0,0,0,2,5,8,9,11,16,25,33,33,24,13,7,4,4,3,2,1,0,0,0,0,0,0,0,0,3,8,15,35,61,78,79,70,50,28,14,9,7,6,5,4,2,1,0,0,0,0,0,0,1,5,15,35,61,78,79,70,50,28,14,9,7,6,5,4,3,2,1,0,0,0,0,0,1,4,13,29,47,65,87,100,81,42,13,2,0,0,0,0,-,-
43,Frankfurt,Park,Gr¸neburgpark,26-03-2020-20-40-39,36,0,1,1,1,1,0,2,6,11,17,21,22,22,25,31,32,25,15,8,5,3,2,1,0,0,1,1,1,1,1,3,6,11,17,22,26,29,32,35,34,29,21,13,7,3,1,1,1,1,1,1,1,1,0,1,5,12,20,25,27,27,32,42,49,43,28,14,5,2,0,0,1,1,1,1,1,1,0,2,8,15,21,23,24,26,29,30,29,25,20,16,12,8,5,3,1,0,1,1,1,1,1,1,5,12,20,22,33,40,43,48,56,56,42,22,9,6,7,7,5,0,1,1,1,0,1,1,1,4,12,22,33,40,43,48,56,56,42,22,9,6,7,7,5,2,0,1,0,0,1,1,0,6,25,59,93,100,86,81,85,74,46,20,7,3,2,1,1,45,45
44,Frankfurt,Park,Gr¸neburgpark,27-03-2020-09-00-03,38,0,1,1,1,1,0,2,6,11,17,21,22,22,25,31,32,25,15,8,5,3,2,1,0,0,1,1,1,1,1,3,6,11,17,22,26,29,32,35,34,29,21,13,7,3,1,1,1,1,1,1,1,1,0,1,5,12,20,25,27,27,32,42,49,43,28,14,5,2,0,0,1,1,1,1,1,1,0,2,8,15,21,23,24,26,29,30,29,25,20,16,12,8,5,3,1,0,1,1,1,1,1,1,5,12,20,22,33,40,43,48,56,56,42,22,9,6,7,7,5,0,1,1,1,0,1,1,1,4,12,22,33,40,43,48,56,56,42,22,9,6,7,7,5,2,0,1,0,0,1,1,0,6,25,59,93,100,86,81,85,74,46,20,7,3,2,1,1,45,45
45,Frankfurt,Park,Gr¸neburgpark,27-03-2020-10-00-54,32,0,1,1,1,1,0,2,6,11,17,21,22,22,25,31,32,25,15,8,5,3,2,1,0,0,1,1,1,1,1,3,6,11,17,22,26,29,32,35,34,29,21,13,7,3,1,1,1,1,1,1,1,1,0,1,5,12,20,25,27,27,32,42,49,43,28,14,5,2,0,0,1,1,1,1,1,1,0,2,8,15,21,23,24,26,29,30,29,25,20,16,12,8,5,3,1,0,1,1,1,1,1,1,5,12,20,22,33,40,43,48,56,56,42,22,9,6,7,7,5,0,1,1,1,0,1,1,1,4,12,22,33,40,43,48,56,56,42,22,9,6,7,7,5,2,0,1,0,0,1,1,0,6,25,59,93,100,86,81,85,74,46,20,7,3,2,1,1,45,45
46,Frankfurt,Park,Gr¸neburgpark,27-03-2020-11-00-08,48,0,1,1,1,1,0,2,6,11,17,21,22,22,25,31,32,25,15,8,5,3,2,1,0,0,1,1,1,1,1,3,6,11,17,22,26,29,32,35,34,29,21,13,7,3,1,1,1,1,1,1,1,1,0,1,5,12,20,25,27,27,32,42,49,43,28,14,5,2,0,0,1,1,1,1,1,1,0,2,8,15,21,23,24,26,29,30,29,25,20,16,12,8,5,3,1,0,1,1,1,1,1,1,5,12,20,22,33,40,43,48,56,56,42,22,9,6,7,7,5,0,1,1,1,0,1,1,1,4,12,22,33,40,43,48,56,56,42,22,9,6,7,7,5,2,0,1,0,0,1,1,0,6,25,59,93,100,86,81,85,74,46,20,7,3,2,1,1,45,45
47,Frankfurt,Park,Palmengarten,27-03-2020-10-01-02,16,0,0,0,0,0,0,0,0,0,7,12,16,18,17,16,20,31,39,0,0,0,0,0,0,0,0,0,0,0,0,0,0,0,10,14,15,16,16,13,14,18,23,0,0,0,0,0,0,0,0,0,0,0,0,0,0,0,10,14,17,19,22,23,26,33,38,0,0,0,0,0,0,0,0,0,0,0,0,0,0,0,10,16,20,22,20,19,23,33,43,0,0,0,0,0,0,0,0,0,0,0,0,0,0,0,9,11,20,29,35,40,51,75,100,0,0,0,0,0,0,0,0,0,0,0,0,0,0,0,4,11,20,29,35,40,51,75,100,0,0,0,0,0,0,0,0,0,0,0,0,0,0,0,5,12,22,34,43,49,55,74,91,0,0,0,0,0,0,150,150
48,Frankfurt,Park,Palmengarten,27-03-2020-11-00-15,15,0,0,0,0,0,0,0,0,0,7,12,16,18,17,16,20,31,39,0,0,0,0,0,0,0,0,0,0,0,0,0,0,0,10,14,15,16,16,13,14,18,23,0,0,0,0,0,0,0,0,0,0,0,0,0,0,0,10,14,17,19,22,23,26,33,38,0,0,0,0,0,0,0,0,0,0,0,0,0,0,0,10,16,20,22,20,19,23,33,43,0,0,0,0,0,0,0,0,0,0,0,0,0,0,0,9,11,20,29,35,40,51,75,100,0,0,0,0,0,0,0,0,0,0,0,0,0,0,0,4,11,20,29,35,40,51,75,100,0,0,0,0,0,0,0,0,0,0,0,0,0,0,0,5,12,22,34,43,49,55,74,91,0,0,0,0,0,0,150,150
49,Frankfurt,Park,Rebstock Park,26-03-2020-20-40-43,3,1,1,1,1,1,0,2,5,8,10,12,12,12,15,22,30,36,38,40,37,28,15,5,0,1,1,1,1,0,1,3,7,11,16,20,22,23,23,24,28,35,43,48,45,32,17,6,0,1,1,1,1,0,2,7,13,18,21,20,19,20,23,27,31,38,44,46,41,30,17,8,2,0,1,1,1,0,2,5,10,16,23,29,33,33,31,32,35,41,45,43,36,26,15,7,3,0,1,1,1,1,1,5,11,18,23,23,31,39,46,54,61,68,69,62,48,32,18,9,4,1,1,1,1,1,1,2,4,9,15,23,31,39,46,54,61,68,69,62,48,32,18,9,4,2,1,1,0,1,0,2,4,9,18,30,45,62,78,91,99,100,88,65,39,19,8,3,0,-,-
50,Frankfurt,Park,Rebstock Park,27-03-2020-09-00-07,9,1,1,1,1,1,0,2,5,8,10,12,12,12,15,22,30,36,38,40,37,28,15,5,0,1,1,1,1,0,1,3,7,11,16,20,22,23,23,24,28,35,43,48,45,32,17,6,0,1,1,1,1,0,2,7,13,18,21,20,19,20,23,27,31,38,44,46,41,30,17,8,2,0,1,1,1,0,2,5,10,16,23,29,33,33,31,32,35,41,45,43,36,26,15,7,3,0,1,1,1,1,1,5,11,18,23,23,31,39,46,54,61,68,69,62,48,32,18,9,4,1,1,1,1,1,1,2,4,9,15,23,31,39,46,54,61,68,69,62,48,32,18,9,4,2,1,1,0,1,0,2,4,9,18,30,45,62,78,91,99,100,88,65,39,19,8,3,0,-,-
51,Frankfurt,Park,Rebstock Park,27-03-2020-10-01-00,14,1,1,1,1,1,0,2,5,8,10,12,12,12,15,22,30,36,38,40,37,28,15,5,0,1,1,1,1,0,1,3,7,11,16,20,22,23,23,24,28,35,43,48,45,32,17,6,0,1,1,1,1,0,2,7,13,18,21,20,19,20,23,27,31,38,44,46,41,30,17,8,2,0,1,1,1,0,2,5,10,16,23,29,33,33,31,32,35,41,45,43,36,26,15,7,3,0,1,1,1,1,1,5,11,18,23,23,31,39,46,54,61,68,69,62,48,32,18,9,4,1,1,1,1,1,1,2,4,9,15,23,31,39,46,54,61,68,69,62,48,32,18,9,4,2,1,1,0,1,0,2,4,9,18,30,45,62,78,91,99,100,88,65,39,19,8,3,0,-,-
52,Frankfurt,Park,Rebstock Park,27-03-2020-11-00-13,18,1,1,1,1,1,0,2,5,8,10,12,12,12,15,22,30,36,38,40,37,28,15,5,0,1,1,1,1,0,1,3,7,11,16,20,22,23,23,24,28,35,43,48,45,32,17,6,0,1,1,1,1,0,2,7,13,18,21,20,19,20,23,27,31,38,44,46,41,30,17,8,2,0,1,1,1,0,2,5,10,16,23,29,33,33,31,32,35,41,45,43,36,26,15,7,3,0,1,1,1,1,1,5,11,18,23,23,31,39,46,54,61,68,69,62,48,32,18,9,4,1,1,1,1,1,1,2,4,9,15,23,31,39,46,54,61,68,69,62,48,32,18,9,4,2,1,1,0,1,0,2,4,9,18,30,45,62,78,91,99,100,88,65,39,19,8,3,0,-,-
53,Frankfurt,Supermarket,ALDI Darmst‰dter Landstraﬂe,27-03-2020-10-05-57,24,0,0,0,0,0,0,0,0,20,39,54,67,75,68,61,70,91,100,85,56,28,0,0,0,0,0,0,0,0,0,0,0,21,31,38,49,59,58,51,52,59,59,49,32,16,0,0,0,0,0,0,0,0,0,0,0,10,18,27,36,44,50,51,47,46,52,55,42,22,0,0,0,0,0,0,0,0,0,0,0,24,45,44,38,48,58,58,55,61,68,63,44,23,0,0,0,0,0,0,0,0,0,0,0,15,27,54,68,76,77,73,69,72,82,81,60,31,0,0,0,0,0,0,0,0,0,0,0,25,39,54,68,76,77,73,69,72,82,81,60,31,0,0,0,0,0,0,0,0,0,0,0,0,0,0,0,0,0,0,0,0,0,0,0,0,0,0,0,20,20
54,Frankfurt,Supermarket,ALDI Darmst‰dter Landstraﬂe,27-03-2020-11-01-54,34,0,0,0,0,0,0,0,0,20,39,54,67,75,68,61,70,91,100,85,56,28,0,0,0,0,0,0,0,0,0,0,0,21,31,38,49,59,58,51,52,59,59,49,32,16,0,0,0,0,0,0,0,0,0,0,0,10,18,27,36,44,50,51,47,46,52,55,42,22,0,0,0,0,0,0,0,0,0,0,0,24,45,44,38,48,58,58,55,61,68,63,44,23,0,0,0,0,0,0,0,0,0,0,0,15,27,54,68,76,77,73,69,72,82,81,60,31,0,0,0,0,0,0,0,0,0,0,0,25,39,54,68,76,77,73,69,72,82,81,60,31,0,0,0,0,0,0,0,0,0,0,0,0,0,0,0,0,0,0,0,0,0,0,0,0,0,0,0,20,20
55,Frankfurt,Supermarket,ALDI Groﬂe Friedberger Str. ,26-03-2020-20-41-14,10,0,0,0,0,0,0,0,0,24,38,43,50,61,68,64,62,73,90,96,81,52,25,0,0,0,0,0,0,0,0,0,0,12,21,32,47,61,64,57,48,48,54,59,54,39,23,0,0,0,0,0,0,0,0,0,0,13,21,26,32,39,44,42,40,45,58,66,60,41,21,0,0,0,0,0,0,0,0,0,0,12,24,36,43,45,46,51,58,63,60,54,53,48,28,0,0,0,0,0,0,0,0,0,0,14,25,38,53,66,75,83,92,99,100,98,95,75,39,0,0,0,0,0,0,0,0,0,0,12,23,38,53,66,75,83,92,99,100,98,95,75,39,0,0,0,0,0,0,0,0,0,0,0,0,0,0,0,0,0,0,0,0,0,0,0,0,0,0,20,20
56,Frankfurt,Supermarket,ALDI Groﬂe Friedberger Str. ,27-03-2020-09-00-36,19,0,0,0,0,0,0,0,0,24,38,43,50,61,68,64,62,73,90,96,81,52,25,0,0,0,0,0,0,0,0,0,0,12,21,32,47,61,64,57,48,48,54,59,54,39,23,0,0,0,0,0,0,0,0,0,0,13,21,26,32,39,44,42,40,45,58,66,60,41,21,0,0,0,0,0,0,0,0,0,0,12,24,36,43,45,46,51,58,63,60,54,53,48,28,0,0,0,0,0,0,0,0,0,0,14,25,38,53,66,75,83,92,99,100,98,95,75,39,0,0,0,0,0,0,0,0,0,0,12,23,38,53,66,75,83,92,99,100,98,95,75,39,0,0,0,0,0,0,0,0,0,0,0,0,0,0,0,0,0,0,0,0,0,0,0,0,0,0,20,20
57,Frankfurt,Supermarket,ALDI Groﬂe Friedberger Str.,27-03-2020-10-02-02,16,0,0,0,0,0,0,0,0,24,38,43,50,61,68,64,62,73,90,96,81,52,25,0,0,0,0,0,0,0,0,0,0,12,21,32,47,61,64,57,48,48,54,59,54,39,23,0,0,0,0,0,0,0,0,0,0,13,21,26,32,39,44,42,40,45,58,66,60,41,21,0,0,0,0,0,0,0,0,0,0,12,24,36,43,45,46,51,58,63,60,54,53,48,28,0,0,0,0,0,0,0,0,0,0,14,25,38,53,66,75,83,92,99,100,98,95,75,39,0,0,0,0,0,0,0,0,0,0,12,23,38,53,66,75,83,92,99,100,98,95,75,39,0,0,0,0,0,0,0,0,0,0,0,0,0,0,0,0,0,0,0,0,0,0,0,0,0,0,20,20
58,Frankfurt,Supermarket,ALDI Groﬂe Friedberger Str.,27-03-2020-11-00-59,22,0,0,0,0,0,0,0,0,24,38,43,50,61,68,64,62,73,90,96,81,52,25,0,0,0,0,0,0,0,0,0,0,12,21,32,47,61,64,57,48,48,54,59,54,39,23,0,0,0,0,0,0,0,0,0,0,13,21,26,32,39,44,42,40,45,58,66,60,41,21,0,0,0,0,0,0,0,0,0,0,12,24,36,43,45,46,51,58,63,60,54,53,48,28,0,0,0,0,0,0,0,0,0,0,14,25,38,53,66,75,83,92,99,100,98,95,75,39,0,0,0,0,0,0,0,0,0,0,12,23,38,53,66,75,83,92,99,100,98,95,75,39,0,0,0,0,0,0,0,0,0,0,0,0,0,0,0,0,0,0,0,0,0,0,0,0,0,0,20,20
59,Frankfurt,Supermarket,LIDL Hanauer Landstraﬂe,27-03-2020-10-05-58,29,0,0,0,0,0,0,0,24,54,64,59,70,86,82,63,53,64,81,80,58,30,0,0,0,0,0,0,0,0,0,0,28,42,44,55,85,100,78,42,25,31,47,53,42,23,0,0,0,0,0,0,0,0,0,0,22,34,35,35,47,59,57,45,36,40,50,53,44,29,0,0,0,0,0,0,0,0,0,0,28,43,45,45,59,75,73,56,46,54,67,63,44,21,0,0,0,0,0,0,0,0,0,0,21,40,52,73,83,85,88,92,93,91,92,90,71,41,0,0,0,0,0,0,0,0,0,0,14,31,54,73,83,85,88,92,93,91,92,90,71,41,0,0,0,0,0,0,0,0,0,0,0,0,0,0,0,0,0,0,0,0,0,0,0,0,0,0,0,20,20
60,Frankfurt,Supermarket,LIDL Hanauer Landstraﬂe,27-03-2020-11-01-56,58,0,0,0,0,0,0,0,24,54,64,59,70,86,82,63,53,64,81,80,58,30,0,0,0,0,0,0,0,0,0,0,28,42,44,55,85,100,78,42,25,31,47,53,42,23,0,0,0,0,0,0,0,0,0,0,22,34,35,35,47,59,57,45,36,40,50,53,44,29,0,0,0,0,0,0,0,0,0,0,28,43,45,45,59,75,73,56,46,54,67,63,44,21,0,0,0,0,0,0,0,0,0,0,21,40,52,73,83,85,88,92,93,91,92,90,71,41,0,0,0,0,0,0,0,0,0,0,14,31,54,73,83,85,88,92,93,91,92,90,71,41,0,0,0,0,0,0,0,0,0,0,0,0,0,0,0,0,0,0,0,0,0,0,0,0,0,0,0,20,20
61,Frankfurt,Supermarket,Penny Stiftstraﬂe,27-03-2020-10-02-04,8,0,0,0,0,0,0,0,0,0,20,47,31,50,68,72,62,49,51,66,65,39,0,0,0,0,0,0,0,0,0,0,0,0,12,32,54,64,52,34,29,41,55,56,41,22,0,0,0,0,0,0,0,0,0,0,0,0,18,19,31,49,54,47,41,49,60,56,35,15,0,0,0,0,0,0,0,0,0,0,0,0,11,22,37,49,53,49,46,50,56,54,40,22,0,0,0,0,0,0,0,0,0,0,0,0,25,20,36,56,75,84,81,74,82,100,87,45,0,0,0,0,0,0,0,0,0,0,0,0,8,20,36,56,75,84,81,74,82,100,87,45,0,0,0,0,0,0,0,0,0,0,0,0,0,0,0,0,0,0,0,0,0,0,0,0,0,0,0,15,15
62,Frankfurt,Supermarket,Penny Stiftstraﬂe,27-03-2020-11-01-01,10,0,0,0,0,0,0,0,0,0,20,47,31,50,68,72,62,49,51,66,65,39,0,0,0,0,0,0,0,0,0,0,0,0,12,32,54,64,52,34,29,41,55,56,41,22,0,0,0,0,0,0,0,0,0,0,0,0,18,19,31,49,54,47,41,49,60,56,35,15,0,0,0,0,0,0,0,0,0,0,0,0,11,22,37,49,53,49,46,50,56,54,40,22,0,0,0,0,0,0,0,0,0,0,0,0,25,20,36,56,75,84,81,74,82,100,87,45,0,0,0,0,0,0,0,0,0,0,0,0,8,20,36,56,75,84,81,74,82,100,87,45,0,0,0,0,0,0,0,0,0,0,0,0,0,0,0,0,0,0,0,0,0,0,0,0,0,0,0,15,15
63,Frankfurt,Supermarket,REWE Gr‰fstrasse,26-03-2020-20-41-12,29,0,0,0,0,0,0,0,9,16,22,29,40,51,53,48,49,59,73,80,73,55,35,18,7,0,0,0,0,0,0,0,7,14,24,36,45,50,47,40,35,39,52,60,50,34,22,15,9,0,0,0,0,0,0,0,5,11,20,30,39,44,41,35,30,35,48,50,36,29,29,16,3,0,0,0,0,0,0,0,8,13,19,27,35,41,38,34,34,43,53,58,54,44,30,18,8,0,0,0,0,0,0,0,6,12,20,41,53,63,67,67,69,79,94,100,86,72,77,56,16,0,0,0,0,0,0,0,9,17,28,41,53,63,67,67,69,79,94,100,86,72,77,56,16,0,0,0,0,0,0,0,0,0,0,0,0,0,0,0,0,0,0,0,0,0,0,0,0,20,20
64,Frankfurt,Supermarket,REWE Gr‰fstrasse,27-03-2020-09-00-34,29,0,0,0,0,0,0,0,9,16,22,29,40,51,53,48,49,59,73,80,73,55,35,18,7,0,0,0,0,0,0,0,7,14,24,36,45,50,47,40,35,39,52,60,50,34,22,15,9,0,0,0,0,0,0,0,5,11,20,30,39,44,41,35,30,35,48,50,36,29,29,16,3,0,0,0,0,0,0,0,8,13,19,27,35,41,38,34,34,43,53,58,54,44,30,18,8,0,0,0,0,0,0,0,6,12,20,41,53,63,67,67,69,79,94,100,86,72,77,56,16,0,0,0,0,0,0,0,9,17,28,41,53,63,67,67,69,79,94,100,86,72,77,56,16,0,0,0,0,0,0,0,0,0,0,0,0,0,0,0,0,0,0,0,0,0,0,0,0,20,20
65,Frankfurt,Supermarket,REWE Gr‰fstrasse,27-03-2020-10-02-00,44,0,0,0,0,0,0,0,9,16,22,29,40,51,53,48,49,59,73,80,73,55,35,18,7,0,0,0,0,0,0,0,7,14,24,36,45,50,47,40,35,39,52,60,50,34,22,15,9,0,0,0,0,0,0,0,5,11,20,30,39,44,41,35,30,35,48,50,36,29,29,16,3,0,0,0,0,0,0,0,8,13,19,27,35,41,38,34,34,43,53,58,54,44,30,18,8,0,0,0,0,0,0,0,6,12,20,41,53,63,67,67,69,79,94,100,86,72,77,56,16,0,0,0,0,0,0,0,9,17,28,41,53,63,67,67,69,79,94,100,86,72,77,56,16,0,0,0,0,0,0,0,0,0,0,0,0,0,0,0,0,0,0,0,0,0,0,0,0,20,20
66,Frankfurt,Supermarket,REWE Gr‰fstrasse,27-03-2020-11-00-56,45,0,0,0,0,0,0,0,9,16,22,29,40,51,53,48,49,59,73,80,73,55,35,18,7,0,0,0,0,0,0,0,7,14,24,36,45,50,47,40,35,39,52,60,50,34,22,15,9,0,0,0,0,0,0,0,5,11,20,30,39,44,41,35,30,35,48,50,36,29,29,16,3,0,0,0,0,0,0,0,8,13,19,27,35,41,38,34,34,43,53,58,54,44,30,18,8,0,0,0,0,0,0,0,6,12,20,41,53,63,67,67,69,79,94,100,86,72,77,56,16,0,0,0,0,0,0,0,9,17,28,41,53,63,67,67,69,79,94,100,86,72,77,56,16,0,0,0,0,0,0,0,0,0,0,0,0,0,0,0,0,0,0,0,0,0,0,0,0,20,20
67,Frankfurt,Supermarket,REWE Gr¸neburgweg,26-03-2020-20-41-13,31,0,0,0,0,0,0,0,14,23,28,34,51,72,72,51,38,51,78,97,90,62,32,0,0,0,0,0,0,0,0,0,12,23,36,50,58,59,52,40,32,38,58,69,59,63,32,0,0,0,0,0,0,0,0,0,7,15,21,23,34,62,65,38,28,43,63,71,60,39,19,0,0,0,0,0,0,0,0,0,9,17,27,38,48,52,52,47,44,50,61,70,64,44,23,0,0,0,0,0,0,0,0,0,10,19,31,50,68,79,78,73,73,85,98,95,88,100,58,0,0,0,0,0,0,0,0,0,6,16,31,50,68,79,78,73,73,85,98,95,88,100,58,0,0,0,0,0,0,0,0,0,0,0,0,0,0,0,0,0,0,0,0,0,0,0,0,0,0,15,15
68,Frankfurt,Supermarket,REWE Gr¸neburgweg,27-03-2020-09-00-35,39,0,0,0,0,0,0,0,14,23,28,34,51,72,72,51,38,51,78,97,90,62,32,0,0,0,0,0,0,0,0,0,12,23,36,50,58,59,52,40,32,38,58,69,59,63,32,0,0,0,0,0,0,0,0,0,7,15,21,23,34,62,65,38,28,43,63,71,60,39,19,0,0,0,0,0,0,0,0,0,9,17,27,38,48,52,52,47,44,50,61,70,64,44,23,0,0,0,0,0,0,0,0,0,10,19,31,50,68,79,78,73,73,85,98,95,88,100,58,0,0,0,0,0,0,0,0,0,6,16,31,50,68,79,78,73,73,85,98,95,88,100,58,0,0,0,0,0,0,0,0,0,0,0,0,0,0,0,0,0,0,0,0,0,0,0,0,0,0,15,15
69,Frankfurt,Supermarket,REWE Gr¸neburgweg,27-03-2020-10-02-01,50,0,0,0,0,0,0,0,14,23,28,34,51,72,72,51,38,51,78,97,90,62,32,0,0,0,0,0,0,0,0,0,12,23,36,50,58,59,52,40,32,38,58,69,59,63,32,0,0,0,0,0,0,0,0,0,7,15,21,23,34,62,65,38,28,43,63,71,60,39,19,0,0,0,0,0,0,0,0,0,9,17,27,38,48,52,52,47,44,50,61,70,64,44,23,0,0,0,0,0,0,0,0,0,10,19,31,50,68,79,78,73,73,85,98,95,88,100,58,0,0,0,0,0,0,0,0,0,6,16,31,50,68,79,78,73,73,85,98,95,88,100,58,0,0,0,0,0,0,0,0,0,0,0,0,0,0,0,0,0,0,0,0,0,0,0,0,0,0,15,15
70,Frankfurt,Supermarket,REWE Gr¸neburgweg,27-03-2020-11-00-57,40,0,0,0,0,0,0,0,14,23,28,34,51,72,72,51,38,51,78,97,90,62,32,0,0,0,0,0,0,0,0,0,12,23,36,50,58,59,52,40,32,38,58,69,59,63,32,0,0,0,0,0,0,0,0,0,7,15,21,23,34,62,65,38,28,43,63,71,60,39,19,0,0,0,0,0,0,0,0,0,9,17,27,38,48,52,52,47,44,50,61,70,64,44,23,0,0,0,0,0,0,0,0,0,10,19,31,50,68,79,78,73,73,85,98,95,88,100,58,0,0,0,0,0,0,0,0,0,6,16,31,50,68,79,78,73,73,85,98,95,88,100,58,0,0,0,0,0,0,0,0,0,0,0,0,0,0,0,0,0,0,0,0,0,0,0,0,0,0,15,15
71,Hamburg,Park,Jenischpark,26-03-2020-20-41-03,10,0,0,0,0,0,0,0,2,7,13,20,22,20,17,19,23,21,12,4,1,0,0,0,0,0,0,0,0,0,0,1,3,6,10,14,17,20,22,21,19,15,10,6,3,1,1,0,0,0,0,0,0,0,0,1,5,11,17,20,20,20,25,31,33,25,14,6,2,1,1,1,0,0,0,0,0,0,1,2,4,6,9,15,21,27,31,30,24,17,11,6,3,1,0,0,0,0,0,0,0,0,0,1,5,10,15,19,29,34,41,58,66,50,24,8,3,2,2,1,1,0,0,0,0,0,0,0,0,2,8,19,29,34,41,58,66,50,24,8,3,2,2,1,1,0,0,0,0,0,0,0,0,1,7,21,41,63,87,100,87,56,26,8,2,0,0,0,0,-,-
72,Hamburg,Park,Jenischpark,27-03-2020-09-00-26,48,0,0,0,0,0,0,0,2,7,13,20,22,20,17,19,23,21,12,4,1,0,0,0,0,0,0,0,0,0,0,1,3,6,10,14,17,20,22,21,19,15,10,6,3,1,1,0,0,0,0,0,0,0,0,1,5,11,17,20,20,20,25,31,33,25,14,6,2,1,1,1,0,0,0,0,0,0,1,2,4,6,9,15,21,27,31,30,24,17,11,6,3,1,0,0,0,0,0,0,0,0,0,1,5,10,15,19,29,34,41,58,66,50,24,8,3,2,2,1,1,0,0,0,0,0,0,0,0,2,8,19,29,34,41,58,66,50,24,8,3,2,2,1,1,0,0,0,0,0,0,0,0,1,7,21,41,63,87,100,87,56,26,8,2,0,0,0,0,-,-
73,Hamburg,Park,Jenischpark,27-03-2020-10-01-45,35,0,0,0,0,0,0,0,2,7,13,20,22,20,17,19,23,21,12,4,1,0,0,0,0,0,0,0,0,0,0,1,3,6,10,14,17,20,22,21,19,15,10,6,3,1,1,0,0,0,0,0,0,0,0,1,5,11,17,20,20,20,25,31,33,25,14,6,2,1,1,1,0,0,0,0,0,0,1,2,4,6,9,15,21,27,31,30,24,17,11,6,3,1,0,0,0,0,0,0,0,0,0,1,5,10,15,19,29,34,41,58,66,50,24,8,3,2,2,1,1,0,0,0,0,0,0,0,0,2,8,19,29,34,41,58,66,50,24,8,3,2,2,1,1,0,0,0,0,0,0,0,0,1,7,21,41,63,87,100,87,56,26,8,2,0,0,0,0,-,-
74,Hamburg,Park,Jenischpark,27-03-2020-11-00-44,45,0,0,0,0,0,0,0,2,7,13,20,22,20,17,19,23,21,12,4,1,0,0,0,0,0,0,0,0,0,0,1,3,6,10,14,17,20,22,21,19,15,10,6,3,1,1,0,0,0,0,0,0,0,0,1,5,11,17,20,20,20,25,31,33,25,14,6,2,1,1,1,0,0,0,0,0,0,1,2,4,6,9,15,21,27,31,30,24,17,11,6,3,1,0,0,0,0,0,0,0,0,0,1,5,10,15,19,29,34,41,58,66,50,24,8,3,2,2,1,1,0,0,0,0,0,0,0,0,2,8,19,29,34,41,58,66,50,24,8,3,2,2,1,1,0,0,0,0,0,0,0,0,1,7,21,41,63,87,100,87,56,26,8,2,0,0,0,0,-,-
75,Hamburg,Park,Planten un Blomen,27-03-2020-09-00-22,22,0,0,0,0,0,0,0,1,5,11,18,26,33,37,37,33,27,19,12,7,0,0,0,0,0,0,0,0,0,0,0,2,7,13,20,27,32,35,34,31,26,19,13,10,0,0,0,0,0,0,0,0,0,0,0,3,9,16,23,30,35,37,36,32,27,22,17,13,0,0,0,0,0,0,0,0,0,0,0,3,9,17,25,33,40,43,42,38,33,28,26,29,0,0,0,0,0,0,0,0,0,0,0,5,11,20,21,38,58,76,86,82,67,46,27,17,0,0,0,0,0,0,0,0,0,0,0,1,1,9,21,38,58,76,86,82,67,46,27,17,0,0,0,0,0,0,0,0,0,0,0,1,1,4,16,37,65,90,100,88,62,36,16,6,0,0,0,0,60,60
76,Hamburg,Park,Planten un Blomen,27-03-2020-10-01-36,22,0,0,0,0,0,0,0,1,5,11,18,26,33,37,37,33,27,19,12,7,0,0,0,0,0,0,0,0,0,0,0,2,7,13,20,27,32,35,34,31,26,19,13,10,0,0,0,0,0,0,0,0,0,0,0,3,9,16,23,30,35,37,36,32,27,22,17,13,0,0,0,0,0,0,0,0,0,0,0,3,9,17,25,33,40,43,42,38,33,28,26,29,0,0,0,0,0,0,0,0,0,0,0,5,11,20,21,38,58,76,86,82,67,46,27,17,0,0,0,0,0,0,0,0,0,0,0,1,1,9,21,38,58,76,86,82,67,46,27,17,0,0,0,0,0,0,0,0,0,0,0,1,1,4,16,37,65,90,100,88,62,36,16,6,0,0,0,0,60,60
77,Hamburg,Park,Planten un Blomen,27-03-2020-11-00-37,27,0,0,0,0,0,0,0,1,5,11,18,26,33,37,37,33,27,19,12,7,0,0,0,0,0,0,0,0,0,0,0,2,7,13,20,27,32,35,34,31,26,19,13,10,0,0,0,0,0,0,0,0,0,0,0,3,9,16,23,30,35,37,36,32,27,22,17,13,0,0,0,0,0,0,0,0,0,0,0,3,9,17,25,33,40,43,42,38,33,28,26,29,0,0,0,0,0,0,0,0,0,0,0,5,11,20,21,38,58,76,86,82,67,46,27,17,0,0,0,0,0,0,0,0,0,0,0,1,1,9,21,38,58,76,86,82,67,46,27,17,0,0,0,0,0,0,0,0,0,0,0,1,1,4,16,37,65,90,100,88,62,36,16,6,0,0,0,0,60,60
78,Hamburg,Park,Stadtpark,26-03-2020-20-41-01,23,0,1,1,1,1,1,1,3,6,10,13,16,19,21,20,17,15,14,15,14,11,6,2,0,1,1,1,1,1,0,1,4,7,11,16,20,23,24,22,20,18,18,20,22,22,19,16,12,7,2,0,1,1,0,1,4,7,11,16,21,27,32,35,33,31,29,27,26,23,18,12,7,3,1,1,1,1,1,1,4,8,13,18,23,29,33,32,30,31,34,37,37,32,24,15,8,3,1,1,1,1,0,1,4,8,13,16,26,39,55,68,72,64,49,37,32,32,31,27,19,5,1,1,1,1,1,1,1,4,9,16,26,39,55,68,72,64,49,37,32,32,31,27,19,11,5,1,1,0,0,1,1,3,13,33,57,75,87,98,100,81,53,32,21,14,9,4,1,120,120
79,Hamburg,Park,Stadtpark,27-03-2020-09-00-23,26,0,1,1,1,1,1,1,3,6,10,13,16,19,21,20,17,15,14,15,14,11,6,2,0,1,1,1,1,1,0,1,4,7,11,16,20,23,24,22,20,18,18,20,22,22,19,16,12,7,2,0,1,1,0,1,4,7,11,16,21,27,32,35,33,31,29,27,26,23,18,12,7,3,1,1,1,1,1,1,4,8,13,18,23,29,33,32,30,31,34,37,37,32,24,15,8,3,1,1,1,1,0,1,4,8,13,16,26,39,55,68,72,64,49,37,32,32,31,27,19,5,1,1,1,1,1,1,1,4,9,16,26,39,55,68,72,64,49,37,32,32,31,27,19,11,5,1,1,0,0,1,1,3,13,33,57,75,87,98,100,81,53,32,21,14,9,4,1,120,120
80,Hamburg,Park,Stadtpark,27-03-2020-10-01-39,35,0,1,1,1,1,1,1,3,6,10,13,16,19,21,20,17,15,14,15,14,11,6,2,0,1,1,1,1,1,0,1,4,7,11,16,20,23,24,22,20,18,18,20,22,22,19,16,12,7,2,0,1,1,0,1,4,7,11,16,21,27,32,35,33,31,29,27,26,23,18,12,7,3,1,1,1,1,1,1,4,8,13,18,23,29,33,32,30,31,34,37,37,32,24,15,8,3,1,1,1,1,0,1,4,8,13,16,26,39,55,68,72,64,49,37,32,32,31,27,19,5,1,1,1,1,1,1,1,4,9,16,26,39,55,68,72,64,49,37,32,32,31,27,19,11,5,1,1,0,0,1,1,3,13,33,57,75,87,98,100,81,53,32,21,14,9,4,1,120,120
81,Hamburg,Park,Stadtpark,27-03-2020-11-00-39,37,0,1,1,1,1,1,1,3,6,10,13,16,19,21,20,17,15,14,15,14,11,6,2,0,1,1,1,1,1,0,1,4,7,11,16,20,23,24,22,20,18,18,20,22,22,19,16,12,7,2,0,1,1,0,1,4,7,11,16,21,27,32,35,33,31,29,27,26,23,18,12,7,3,1,1,1,1,1,1,4,8,13,18,23,29,33,32,30,31,34,37,37,32,24,15,8,3,1,1,1,1,0,1,4,8,13,16,26,39,55,68,72,64,49,37,32,32,31,27,19,5,1,1,1,1,1,1,1,4,9,16,26,39,55,68,72,64,49,37,32,32,31,27,19,11,5,1,1,0,0,1,1,3,13,33,57,75,87,98,100,81,53,32,21,14,9,4,1,120,120
82,Hamburg,Park,Wilhelmsburger Inselpark,26-03-2020-20-41-02,12,3,0,1,1,0,0,1,2,4,6,8,10,11,11,11,15,20,26,28,26,19,11,5,2,0,1,1,1,1,0,1,3,6,9,11,12,11,11,13,18,24,30,31,28,21,14,7,3,0,1,1,1,1,0,1,3,6,8,9,11,13,15,15,17,23,32,37,35,26,15,7,2,0,1,1,1,1,1,1,4,9,14,18,21,22,20,18,20,25,32,35,32,24,15,7,2,0,1,1,1,1,0,1,4,7,10,25,35,42,44,42,41,44,54,70,88,100,94,71,41,2,0,1,1,1,1,0,3,8,15,25,35,42,44,42,41,44,54,70,88,100,94,71,41,19,6,1,1,1,1,0,1,4,10,20,32,47,61,71,77,78,76,71,61,48,33,31,20,-,-
83,Hamburg,Park,Wilhelmsburger Inselpark,27-03-2020-09-00-24,27,3,0,1,1,0,0,1,2,4,6,8,10,11,11,11,15,20,26,28,26,19,11,5,2,0,1,1,1,1,0,1,3,6,9,11,12,11,11,13,18,24,30,31,28,21,14,7,3,0,1,1,1,1,0,1,3,6,8,9,11,13,15,15,17,23,32,37,35,26,15,7,2,0,1,1,1,1,1,1,4,9,14,18,21,22,20,18,20,25,32,35,32,24,15,7,2,0,1,1,1,1,0,1,4,7,10,25,35,42,44,42,41,44,54,70,88,100,94,71,41,2,0,1,1,1,1,0,3,8,15,25,35,42,44,42,41,44,54,70,88,100,94,71,41,19,6,1,1,1,1,0,1,4,10,20,32,47,61,71,77,78,76,71,61,48,33,31,20,-,-
84,Hamburg,Park,Wilhelmsburger Inselpark,27-03-2020-10-01-42,23,3,0,1,1,0,0,1,2,4,6,8,10,11,11,11,15,20,26,28,26,19,11,5,2,0,1,1,1,1,0,1,3,6,9,11,12,11,11,13,18,24,30,31,28,21,14,7,3,0,1,1,1,1,0,1,3,6,8,9,11,13,15,15,17,23,32,37,35,26,15,7,2,0,1,1,1,1,1,1,4,9,14,18,21,22,20,18,20,25,32,35,32,24,15,7,2,0,1,1,1,1,0,1,4,7,10,25,35,42,44,42,41,44,54,70,88,100,94,71,41,2,0,1,1,1,1,0,3,8,15,25,35,42,44,42,41,44,54,70,88,100,94,71,41,19,6,1,1,1,1,0,1,4,10,20,32,47,61,71,77,78,76,71,61,48,33,31,20,-,-
85,Hamburg,Park,Wilhelmsburger Inselpark,27-03-2020-11-00-42,42,3,0,1,1,0,0,1,2,4,6,8,10,11,11,11,15,20,26,28,26,19,11,5,2,0,1,1,1,1,0,1,3,6,9,11,12,11,11,13,18,24,30,31,28,21,14,7,3,0,1,1,1,1,0,1,3,6,8,9,11,13,15,15,17,23,32,37,35,26,15,7,2,0,1,1,1,1,1,1,4,9,14,18,21,22,20,18,20,25,32,35,32,24,15,7,2,0,1,1,1,1,0,1,4,7,10,25,35,42,44,42,41,44,54,70,88,100,94,71,41,2,0,1,1,1,1,0,3,8,15,25,35,42,44,42,41,44,54,70,88,100,94,71,41,19,6,1,1,1,1,0,1,4,10,20,32,47,61,71,77,78,76,71,61,48,33,31,20,-,-
86,Hamburg,Park,÷jendorfer Park,26-03-2020-20-41-04,36,1,1,1,1,1,1,1,4,10,18,21,22,21,22,22,20,17,13,8,5,2,0,1,1,1,1,1,1,1,0,2,5,8,12,16,19,21,21,20,18,16,12,9,7,4,2,1,0,1,1,1,1,1,1,3,6,9,13,15,17,18,24,34,37,27,14,8,6,4,3,1,0,1,1,1,1,1,1,1,5,10,17,20,21,21,23,25,24,21,16,11,6,3,1,0,1,1,1,1,1,1,1,1,4,10,18,39,50,57,58,53,44,34,24,17,12,9,6,4,3,0,0,1,1,0,1,4,9,17,27,39,50,57,58,53,44,34,24,17,12,9,6,4,3,2,1,0,0,1,1,1,1,8,24,46,61,71,88,100,81,45,18,5,2,1,0,0,1,60,60
87,Hamburg,Park,÷jendorfer Park,27-03-2020-09-00-27,46,1,1,1,1,1,1,1,4,10,18,21,22,21,22,22,20,17,13,8,5,2,0,1,1,1,1,1,1,1,0,2,5,8,12,16,19,21,21,20,18,16,12,9,7,4,2,1,0,1,1,1,1,1,1,3,6,9,13,15,17,18,24,34,37,27,14,8,6,4,3,1,0,1,1,1,1,1,1,1,5,10,17,20,21,21,23,25,24,21,16,11,6,3,1,0,1,1,1,1,1,1,1,1,4,10,18,39,50,57,58,53,44,34,24,17,12,9,6,4,3,0,0,1,1,0,1,4,9,17,27,39,50,57,58,53,44,34,24,17,12,9,6,4,3,2,1,0,0,1,1,1,1,8,24,46,61,71,88,100,81,45,18,5,2,1,0,0,1,60,60
88,Hamburg,Park,÷jendorfer Park,27-03-2020-10-01-48,78,1,1,1,1,1,1,1,4,10,18,21,22,21,22,22,20,17,13,8,5,2,0,1,1,1,1,1,1,1,0,2,5,8,12,16,19,21,21,20,18,16,12,9,7,4,2,1,0,1,1,1,1,1,1,3,6,9,13,15,17,18,24,34,37,27,14,8,6,4,3,1,0,1,1,1,1,1,1,1,5,10,17,20,21,21,23,25,24,21,16,11,6,3,1,0,1,1,1,1,1,1,1,1,4,10,18,39,50,57,58,53,44,34,24,17,12,9,6,4,3,0,0,1,1,0,1,4,9,17,27,39,50,57,58,53,44,34,24,17,12,9,6,4,3,2,1,0,0,1,1,1,1,8,24,46,61,71,88,100,81,45,18,5,2,1,0,0,1,60,60
89,Hamburg,Park,÷jendorfer Park,27-03-2020-11-00-47,85,1,1,1,1,1,1,1,4,10,18,21,22,21,22,22,20,17,13,8,5,2,0,1,1,1,1,1,1,1,0,2,5,8,12,16,19,21,21,20,18,16,12,9,7,4,2,1,0,1,1,1,1,1,1,3,6,9,13,15,17,18,24,34,37,27,14,8,6,4,3,1,0,1,1,1,1,1,1,1,5,10,17,20,21,21,23,25,24,21,16,11,6,3,1,0,1,1,1,1,1,1,1,1,4,10,18,39,50,57,58,53,44,34,24,17,12,9,6,4,3,0,0,1,1,0,1,4,9,17,27,39,50,57,58,53,44,34,24,17,12,9,6,4,3,2,1,0,0,1,1,1,1,8,24,46,61,71,88,100,81,45,18,5,2,1,0,0,1,60,60
90,Hamburg,Supermarket,ALDI Hamburg-Altona ,26-03-2020-20-41-40,4,0,0,0,0,0,0,0,0,25,37,47,56,65,70,72,77,89,95,86,60,32,0,0,0,0,0,0,0,0,0,0,0,23,39,53,60,57,50,48,59,77,86,76,50,24,0,0,0,0,0,0,0,0,0,0,0,17,26,29,35,47,52,52,59,70,72,58,36,17,0,0,0,0,0,0,0,0,0,0,0,20,32,43,48,48,51,58,71,80,80,68,49,29,0,0,0,0,0,0,0,0,0,0,0,19,30,52,69,83,94,100,95,88,88,88,70,39,0,0,0,0,0,0,0,0,0,0,0,17,34,52,69,83,94,100,95,88,88,88,70,39,0,0,0,0,0,0,0,0,0,0,0,0,0,0,0,0,0,0,0,0,0,0,0,0,0,0,0,20,20
91,Hamburg,Supermarket,ALDI Hamburg-Altona ,27-03-2020-09-01-04,22,0,0,0,0,0,0,0,0,25,37,47,56,65,70,72,77,89,95,86,60,32,0,0,0,0,0,0,0,0,0,0,0,23,39,53,60,57,50,48,59,77,86,76,50,24,0,0,0,0,0,0,0,0,0,0,0,17,26,29,35,47,52,52,59,70,72,58,36,17,0,0,0,0,0,0,0,0,0,0,0,20,32,43,48,48,51,58,71,80,80,68,49,29,0,0,0,0,0,0,0,0,0,0,0,19,30,52,69,83,94,100,95,88,88,88,70,39,0,0,0,0,0,0,0,0,0,0,0,17,34,52,69,83,94,100,95,88,88,88,70,39,0,0,0,0,0,0,0,0,0,0,0,0,0,0,0,0,0,0,0,0,0,0,0,0,0,0,0,20,20
92,Hamburg,Supermarket,ALDI Hamburg-Altona,27-03-2020-10-02-29,34,0,0,0,0,0,0,0,0,25,37,47,56,65,70,72,77,89,95,86,60,32,0,0,0,0,0,0,0,0,0,0,0,23,39,53,60,57,50,48,59,77,86,76,50,24,0,0,0,0,0,0,0,0,0,0,0,17,26,29,35,47,52,52,59,70,72,58,36,17,0,0,0,0,0,0,0,0,0,0,0,20,32,43,48,48,51,58,71,80,80,68,49,29,0,0,0,0,0,0,0,0,0,0,0,19,30,52,69,83,94,100,95,88,88,88,70,39,0,0,0,0,0,0,0,0,0,0,0,17,34,52,69,83,94,100,95,88,88,88,70,39,0,0,0,0,0,0,0,0,0,0,0,0,0,0,0,0,0,0,0,0,0,0,0,0,0,0,0,20,20
93,Hamburg,Supermarket,ALDI Hamburg-Altona,27-03-2020-11-01-38,43,0,0,0,0,0,0,0,0,25,37,47,56,65,70,72,77,89,95,86,60,32,0,0,0,0,0,0,0,0,0,0,0,23,39,53,60,57,50,48,59,77,86,76,50,24,0,0,0,0,0,0,0,0,0,0,0,17,26,29,35,47,52,52,59,70,72,58,36,17,0,0,0,0,0,0,0,0,0,0,0,20,32,43,48,48,51,58,71,80,80,68,49,29,0,0,0,0,0,0,0,0,0,0,0,19,30,52,69,83,94,100,95,88,88,88,70,39,0,0,0,0,0,0,0,0,0,0,0,17,34,52,69,83,94,100,95,88,88,88,70,39,0,0,0,0,0,0,0,0,0,0,0,0,0,0,0,0,0,0,0,0,0,0,0,0,0,0,0,20,20
94,Hamburg,Supermarket,EDEKA Boldt,26-03-2020-20-41-38,3,0,0,0,0,0,0,0,0,9,15,23,31,36,38,36,36,50,82,100,73,31,0,0,0,0,0,0,0,0,0,0,0,7,12,19,26,31,33,33,35,48,70,77,56,25,0,0,0,0,0,0,0,0,0,0,0,7,11,17,23,28,30,31,35,44,54,54,39,20,0,0,0,0,0,0,0,0,0,0,0,6,11,17,23,28,30,31,37,54,74,74,48,19,0,0,0,0,0,0,0,0,0,0,0,9,14,17,25,29,31,30,36,56,66,44,60,26,0,0,0,0,0,0,0,0,0,0,0,5,11,17,25,29,31,30,36,56,66,44,60,26,0,0,0,0,0,0,0,0,0,0,0,0,0,0,0,0,0,0,0,0,0,0,0,0,0,0,0,15,15
95,Hamburg,Supermarket,EDEKA Boldt,27-03-2020-09-01-01,10,0,0,0,0,0,0,0,0,9,15,23,31,36,38,36,36,50,82,100,73,31,0,0,0,0,0,0,0,0,0,0,0,7,12,19,26,31,33,33,35,48,70,77,56,25,0,0,0,0,0,0,0,0,0,0,0,7,11,17,23,28,30,31,35,44,54,54,39,20,0,0,0,0,0,0,0,0,0,0,0,6,11,17,23,28,30,31,37,54,74,74,48,19,0,0,0,0,0,0,0,0,0,0,0,9,14,17,25,29,31,30,36,56,66,44,60,26,0,0,0,0,0,0,0,0,0,0,0,5,11,17,25,29,31,30,36,56,66,44,60,26,0,0,0,0,0,0,0,0,0,0,0,0,0,0,0,0,0,0,0,0,0,0,0,0,0,0,0,15,15
96,Hamburg,Supermarket,EDEKA Boldt,27-03-2020-10-02-27,19,0,0,0,0,0,0,0,0,9,15,23,31,36,38,36,36,50,82,100,73,31,0,0,0,0,0,0,0,0,0,0,0,7,12,19,26,31,33,33,35,48,70,77,56,25,0,0,0,0,0,0,0,0,0,0,0,7,11,17,23,28,30,31,35,44,54,54,39,20,0,0,0,0,0,0,0,0,0,0,0,6,11,17,23,28,30,31,37,54,74,74,48,19,0,0,0,0,0,0,0,0,0,0,0,9,14,17,25,29,31,30,36,56,66,44,60,26,0,0,0,0,0,0,0,0,0,0,0,5,11,17,25,29,31,30,36,56,66,44,60,26,0,0,0,0,0,0,0,0,0,0,0,0,0,0,0,0,0,0,0,0,0,0,0,0,0,0,0,15,15
97,Hamburg,Supermarket,EDEKA Boldt,27-03-2020-11-01-34,28,0,0,0,0,0,0,0,0,9,15,23,31,36,38,36,36,50,82,100,73,31,0,0,0,0,0,0,0,0,0,0,0,7,12,19,26,31,33,33,35,48,70,77,56,25,0,0,0,0,0,0,0,0,0,0,0,7,11,17,23,28,30,31,35,44,54,54,39,20,0,0,0,0,0,0,0,0,0,0,0,6,11,17,23,28,30,31,37,54,74,74,48,19,0,0,0,0,0,0,0,0,0,0,0,9,14,17,25,29,31,30,36,56,66,44,60,26,0,0,0,0,0,0,0,0,0,0,0,5,11,17,25,29,31,30,36,56,66,44,60,26,0,0,0,0,0,0,0,0,0,0,0,0,0,0,0,0,0,0,0,0,0,0,0,0,0,0,0,15,15
98,Hamburg,Supermarket,EDEKA Stresemannstraﬂe,26-03-2020-20-41-39,2,0,0,0,0,0,0,0,0,12,22,28,30,35,42,47,56,77,100,95,62,26,0,0,0,0,0,0,0,0,0,0,0,9,18,28,36,37,33,27,32,52,76,76,50,20,0,0,0,0,0,0,0,0,0,0,0,8,14,15,20,24,25,28,39,58,74,71,50,25,0,0,0,0,0,0,0,0,0,0,0,8,15,19,24,30,32,31,40,61,78,75,53,27,0,0,0,0,0,0,0,0,0,0,0,4,11,21,28,32,34,35,43,58,65,66,73,37,0,0,0,0,0,0,0,0,0,0,0,7,13,21,28,32,34,35,43,58,65,66,73,37,0,0,0,0,0,0,0,0,0,0,0,0,0,0,0,0,0,0,0,0,0,0,0,0,0,0,0,15,15
99,Hamburg,Supermarket,EDEKA Stresemannstraﬂe,27-03-2020-09-01-02,16,0,0,0,0,0,0,0,0,12,22,28,30,35,42,47,56,77,100,95,62,26,0,0,0,0,0,0,0,0,0,0,0,9,18,28,36,37,33,27,32,52,76,76,50,20,0,0,0,0,0,0,0,0,0,0,0,8,14,15,20,24,25,28,39,58,74,71,50,25,0,0,0,0,0,0,0,0,0,0,0,8,15,19,24,30,32,31,40,61,78,75,53,27,0,0,0,0,0,0,0,0,0,0,0,4,11,21,28,32,34,35,43,58,65,66,73,37,0,0,0,0,0,0,0,0,0,0,0,7,13,21,28,32,34,35,43,58,65,66,73,37,0,0,0,0,0,0,0,0,0,0,0,0,0,0,0,0,0,0,0,0,0,0,0,0,0,0,0,15,15
100,Hamburg,Supermarket,EDEKA Stresemannstraﬂe,27-03-2020-10-02-28,26,0,0,0,0,0,0,0,0,12,22,28,30,35,42,47,56,77,100,95,62,26,0,0,0,0,0,0,0,0,0,0,0,9,18,28,36,37,33,27,32,52,76,76,50,20,0,0,0,0,0,0,0,0,0,0,0,8,14,15,20,24,25,28,39,58,74,71,50,25,0,0,0,0,0,0,0,0,0,0,0,8,15,19,24,30,32,31,40,61,78,75,53,27,0,0,0,0,0,0,0,0,0,0,0,4,11,21,28,32,34,35,43,58,65,66,73,37,0,0,0,0,0,0,0,0,0,0,0,7,13,21,28,32,34,35,43,58,65,66,73,37,0,0,0,0,0,0,0,0,0,0,0,0,0,0,0,0,0,0,0,0,0,0,0,0,0,0,0,15,15
101,Hamburg,Supermarket,EDEKA Stresemannstraﬂe,27-03-2020-11-01-36,27,0,0,0,0,0,0,0,0,12,22,28,30,35,42,47,56,77,100,95,62,26,0,0,0,0,0,0,0,0,0,0,0,9,18,28,36,37,33,27,32,52,76,76,50,20,0,0,0,0,0,0,0,0,0,0,0,8,14,15,20,24,25,28,39,58,74,71,50,25,0,0,0,0,0,0,0,0,0,0,0,8,15,19,24,30,32,31,40,61,78,75,53,27,0,0,0,0,0,0,0,0,0,0,0,4,11,21,28,32,34,35,43,58,65,66,73,37,0,0,0,0,0,0,0,0,0,0,0,7,13,21,28,32,34,35,43,58,65,66,73,37,0,0,0,0,0,0,0,0,0,0,0,0,0,0,0,0,0,0,0,0,0,0,0,0,0,0,0,15,15
102,Hamburg,Supermarket,REWE Center Dorotheenstraﬂe ,26-03-2020-20-41-37,29,0,0,0,0,0,0,0,0,13,26,40,53,59,58,56,58,64,68,63,48,30,15,0,0,0,0,0,0,0,0,0,0,15,25,36,45,49,46,40,37,39,43,43,35,23,12,0,0,0,0,0,0,0,0,0,0,10,19,26,30,31,31,31,32,36,41,40,33,21,11,0,0,0,0,0,0,0,0,0,0,10,19,29,38,41,39,35,34,40,50,52,43,27,12,0,0,0,0,0,0,0,0,0,0,15,27,48,70,89,98,99,97,100,99,87,69,47,21,0,0,0,0,0,0,0,0,0,0,14,28,48,70,89,98,99,97,100,99,87,69,47,21,0,0,0,0,0,0,0,0,0,0,0,0,0,0,0,0,0,0,0,0,0,0,0,0,0,0,20,45
103,Hamburg,Supermarket,REWE Center Dorotheenstraﬂe ,27-03-2020-09-01-00,35,0,0,0,0,0,0,0,0,13,26,40,53,59,58,56,58,64,68,63,48,30,15,0,0,0,0,0,0,0,0,0,0,15,25,36,45,49,46,40,37,39,43,43,35,23,12,0,0,0,0,0,0,0,0,0,0,10,19,26,30,31,31,31,32,36,41,40,33,21,11,0,0,0,0,0,0,0,0,0,0,10,19,29,38,41,39,35,34,40,50,52,43,27,12,0,0,0,0,0,0,0,0,0,0,15,27,48,70,89,98,99,97,100,99,87,69,47,21,0,0,0,0,0,0,0,0,0,0,14,28,48,70,89,98,99,97,100,99,87,69,47,21,0,0,0,0,0,0,0,0,0,0,0,0,0,0,0,0,0,0,0,0,0,0,0,0,0,0,20,45
104,Hamburg,Supermarket,REWE Center Dorotheenstraﬂe,27-03-2020-10-02-26,53,0,0,0,0,0,0,0,0,13,26,40,53,59,58,56,58,64,68,63,48,30,15,0,0,0,0,0,0,0,0,0,0,15,25,36,45,49,46,40,37,39,43,43,35,23,12,0,0,0,0,0,0,0,0,0,0,10,19,26,30,31,31,31,32,36,41,40,33,21,11,0,0,0,0,0,0,0,0,0,0,10,19,29,38,41,39,35,34,40,50,52,43,27,12,0,0,0,0,0,0,0,0,0,0,15,27,48,70,89,98,99,97,100,99,87,69,47,21,0,0,0,0,0,0,0,0,0,0,14,28,48,70,89,98,99,97,100,99,87,69,47,21,0,0,0,0,0,0,0,0,0,0,0,0,0,0,0,0,0,0,0,0,0,0,0,0,0,0,20,45
105,Hamburg,Supermarket,REWE Center Dorotheenstraﬂe,27-03-2020-11-01-32,56,0,0,0,0,0,0,0,0,13,26,40,53,59,58,56,58,64,68,63,48,30,15,0,0,0,0,0,0,0,0,0,0,15,25,36,45,49,46,40,37,39,43,43,35,23,12,0,0,0,0,0,0,0,0,0,0,10,19,26,30,31,31,31,32,36,41,40,33,21,11,0,0,0,0,0,0,0,0,0,0,10,19,29,38,41,39,35,34,40,50,52,43,27,12,0,0,0,0,0,0,0,0,0,0,15,27,48,70,89,98,99,97,100,99,87,69,47,21,0,0,0,0,0,0,0,0,0,0,14,28,48,70,89,98,99,97,100,99,87,69,47,21,0,0,0,0,0,0,0,0,0,0,0,0,0,0,0,0,0,0,0,0,0,0,0,0,0,0,20,45
106,Hamburg,Supermarket,REWE Neuer Steinweg,26-03-2020-20-41-36,16,0,0,0,0,0,0,0,27,52,52,32,32,61,85,79,66,77,97,100,77,44,18,0,0,0,0,0,0,0,0,0,20,31,37,42,54,74,84,74,59,54,59,59,50,35,20,0,0,0,0,0,0,0,0,0,31,44,42,36,49,67,57,32,27,43,63,68,54,30,12,0,0,0,0,0,0,0,0,0,23,37,38,33,42,61,63,46,39,48,62,69,62,47,28,0,0,0,0,0,0,0,0,0,16,28,32,29,37,45,50,52,56,64,77,87,82,60,34,0,0,0,0,0,0,0,0,0,7,13,20,29,37,45,50,52,56,64,77,87,82,60,34,0,0,0,0,0,0,0,0,0,0,0,0,0,0,0,0,0,0,0,0,0,0,0,0,0,0,15,15
107,Hamburg,Supermarket,REWE Neuer Steinweg,27-03-2020-09-00-58,26,0,0,0,0,0,0,0,27,52,52,32,32,61,85,79,66,77,97,100,77,44,18,0,0,0,0,0,0,0,0,0,20,31,37,42,54,74,84,74,59,54,59,59,50,35,20,0,0,0,0,0,0,0,0,0,31,44,42,36,49,67,57,32,27,43,63,68,54,30,12,0,0,0,0,0,0,0,0,0,23,37,38,33,42,61,63,46,39,48,62,69,62,47,28,0,0,0,0,0,0,0,0,0,16,28,32,29,37,45,50,52,56,64,77,87,82,60,34,0,0,0,0,0,0,0,0,0,7,13,20,29,37,45,50,52,56,64,77,87,82,60,34,0,0,0,0,0,0,0,0,0,0,0,0,0,0,0,0,0,0,0,0,0,0,0,0,0,0,15,15
108,Hamburg,Supermarket,REWE Neuer Steinweg,27-03-2020-10-02-24,20,0,0,0,0,0,0,0,27,52,52,32,32,61,85,79,66,77,97,100,77,44,18,0,0,0,0,0,0,0,0,0,20,31,37,42,54,74,84,74,59,54,59,59,50,35,20,0,0,0,0,0,0,0,0,0,31,44,42,36,49,67,57,32,27,43,63,68,54,30,12,0,0,0,0,0,0,0,0,0,23,37,38,33,42,61,63,46,39,48,62,69,62,47,28,0,0,0,0,0,0,0,0,0,16,28,32,29,37,45,50,52,56,64,77,87,82,60,34,0,0,0,0,0,0,0,0,0,7,13,20,29,37,45,50,52,56,64,77,87,82,60,34,0,0,0,0,0,0,0,0,0,0,0,0,0,0,0,0,0,0,0,0,0,0,0,0,0,0,15,15
109,Hamburg,Supermarket,REWE Neuer Steinweg,27-03-2020-11-01-30,33,0,0,0,0,0,0,0,27,52,52,32,32,61,85,79,66,77,97,100,77,44,18,0,0,0,0,0,0,0,0,0,20,31,37,42,54,74,84,74,59,54,59,59,50,35,20,0,0,0,0,0,0,0,0,0,31,44,42,36,49,67,57,32,27,43,63,68,54,30,12,0,0,0,0,0,0,0,0,0,23,37,38,33,42,61,63,46,39,48,62,69,62,47,28,0,0,0,0,0,0,0,0,0,16,28,32,29,37,45,50,52,56,64,77,87,82,60,34,0,0,0,0,0,0,0,0,0,7,13,20,29,37,45,50,52,56,64,77,87,82,60,34,0,0,0,0,0,0,0,0,0,0,0,0,0,0,0,0,0,0,0,0,0,0,0,0,0,0,15,15
110,Kˆln,Park,Bl¸cher Park,26-03-2020-20-41-09,39,0,0,1,1,1,1,1,5,10,16,21,24,25,29,36,39,33,20,11,7,6,5,3,2,0,1,1,1,0,0,2,7,18,31,35,31,28,31,36,38,35,29,21,13,7,3,1,0,0,0,0,0,1,1,2,7,13,19,24,27,31,41,53,59,51,36,25,17,12,8,3,0,1,1,1,1,1,1,3,9,16,22,27,30,33,39,46,47,41,32,21,14,9,6,4,2,1,0,1,1,1,1,5,12,21,30,30,44,51,52,56,65,59,37,22,20,21,20,16,11,4,2,0,1,1,1,1,0,6,16,30,44,51,52,56,65,59,37,22,20,21,20,16,11,6,2,1,1,1,1,0,3,7,15,29,50,74,94,100,89,67,44,25,13,6,2,0,1,60,60
111,Kˆln,Park,Bl¸cher Park,27-03-2020-09-00-31,38,0,0,1,1,1,1,1,5,10,16,21,24,25,29,36,39,33,20,11,7,6,5,3,2,0,1,1,1,0,0,2,7,18,31,35,31,28,31,36,38,35,29,21,13,7,3,1,0,0,0,0,0,1,1,2,7,13,19,24,27,31,41,53,59,51,36,25,17,12,8,3,0,1,1,1,1,1,1,3,9,16,22,27,30,33,39,46,47,41,32,21,14,9,6,4,2,1,0,1,1,1,1,5,12,21,30,30,44,51,52,56,65,59,37,22,20,21,20,16,11,4,2,0,1,1,1,1,0,6,16,30,44,51,52,56,65,59,37,22,20,21,20,16,11,6,2,1,1,1,1,0,3,7,15,29,50,74,94,100,89,67,44,25,13,6,2,0,1,60,60
112,Kˆln,Park,Bl¸cher Park,27-03-2020-10-01-57,53,0,0,1,1,1,1,1,5,10,16,21,24,25,29,36,39,33,20,11,7,6,5,3,2,0,1,1,1,0,0,2,7,18,31,35,31,28,31,36,38,35,29,21,13,7,3,1,0,0,0,0,0,1,1,2,7,13,19,24,27,31,41,53,59,51,36,25,17,12,8,3,0,1,1,1,1,1,1,3,9,16,22,27,30,33,39,46,47,41,32,21,14,9,6,4,2,1,0,1,1,1,1,5,12,21,30,30,44,51,52,56,65,59,37,22,20,21,20,16,11,4,2,0,1,1,1,1,0,6,16,30,44,51,52,56,65,59,37,22,20,21,20,16,11,6,2,1,1,1,1,0,3,7,15,29,50,74,94,100,89,67,44,25,13,6,2,0,1,60,60
113,Kˆln,Park,Bl¸cher Park,27-03-2020-11-00-54,41,0,0,1,1,1,1,1,5,10,16,21,24,25,29,36,39,33,20,11,7,6,5,3,2,0,1,1,1,0,0,2,7,18,31,35,31,28,31,36,38,35,29,21,13,7,3,1,0,0,0,0,0,1,1,2,7,13,19,24,27,31,41,53,59,51,36,25,17,12,8,3,0,1,1,1,1,1,1,3,9,16,22,27,30,33,39,46,47,41,32,21,14,9,6,4,2,1,0,1,1,1,1,5,12,21,30,30,44,51,52,56,65,59,37,22,20,21,20,16,11,4,2,0,1,1,1,1,0,6,16,30,44,51,52,56,65,59,37,22,20,21,20,16,11,6,2,1,1,1,1,0,3,7,15,29,50,74,94,100,89,67,44,25,13,6,2,0,1,60,60
114,Kˆln,Park,Hiroshima-Nagasaki Park,27-03-2020-09-00-30,3,0,0,1,1,1,1,1,0,1,1,2,3,5,8,11,13,12,9,7,5,4,3,3,2,1,0,1,1,1,1,1,1,0,1,2,4,6,9,11,12,10,8,6,4,3,2,1,5,8,1,1,1,1,0,0,0,0,1,2,4,7,11,14,17,17,16,13,9,6,3,1,0,0,0,1,1,1,1,0,0,1,2,3,6,14,30,56,84,100,92,67,39,18,7,2,1,0,0,1,1,1,1,1,0,2,4,7,10,13,16,21,26,28,27,22,15,10,7,5,4,2,1,0,0,0,0,0,1,2,4,7,10,13,16,21,26,28,27,22,15,10,7,5,4,3,2,1,0,1,1,0,0,1,3,6,11,19,28,33,33,28,19,12,7,4,2,1,1,45,45
115,Kˆln,Park,Hiroshima-Nagasaki Park,27-03-2020-10-01-54,6,0,0,1,1,1,1,1,0,1,1,2,3,5,8,11,13,12,9,7,5,4,3,3,2,1,0,1,1,1,1,1,1,0,1,2,4,6,9,11,12,10,8,6,4,3,2,1,5,8,1,1,1,1,0,0,0,0,1,2,4,7,11,14,17,17,16,13,9,6,3,1,0,0,0,1,1,1,1,0,0,1,2,3,6,14,30,56,84,100,92,67,39,18,7,2,1,0,0,1,1,1,1,1,0,2,4,7,10,13,16,21,26,28,27,22,15,10,7,5,4,2,1,0,0,0,0,0,1,2,4,7,10,13,16,21,26,28,27,22,15,10,7,5,4,3,2,1,0,1,1,0,0,1,3,6,11,19,28,33,33,28,19,12,7,4,2,1,1,45,45
116,Kˆln,Park,Hiroshima-Nagasaki Park,27-03-2020-11-00-52,7,0,0,1,1,1,1,1,0,1,1,2,3,5,8,11,13,12,9,7,5,4,3,3,2,1,0,1,1,1,1,1,1,0,1,2,4,6,9,11,12,10,8,6,4,3,2,1,5,8,1,1,1,1,0,0,0,0,1,2,4,7,11,14,17,17,16,13,9,6,3,1,0,0,0,1,1,1,1,0,0,1,2,3,6,14,30,56,84,100,92,67,39,18,7,2,1,0,0,1,1,1,1,1,0,2,4,7,10,13,16,21,26,28,27,22,15,10,7,5,4,2,1,0,0,0,0,0,1,2,4,7,10,13,16,21,26,28,27,22,15,10,7,5,4,3,2,1,0,1,1,0,0,1,3,6,11,19,28,33,33,28,19,12,7,4,2,1,1,45,45
117,Kˆln,Park,Schlosspark Stammheim,27-03-2020-10-02-37,14,0,1,1,1,1,1,1,0,1,2,5,9,13,17,19,20,18,15,10,6,3,1,0,0,1,1,1,1,1,0,1,1,3,5,7,11,15,18,20,20,18,14,10,6,4,2,1,0,0,1,1,1,1,0,0,1,2,3,5,9,13,18,20,21,25,32,27,12,4,1,1,0,1,1,0,1,1,0,0,0,2,5,9,15,22,28,29,27,21,15,9,5,3,2,1,0,1,1,1,1,1,1,0,1,4,7,23,55,85,87,66,46,34,23,14,9,6,5,4,3,1,1,1,1,1,1,1,0,1,6,23,55,85,87,66,46,34,23,14,9,6,5,4,3,2,1,0,0,1,1,0,0,2,10,34,70,95,100,90,68,40,19,8,4,3,2,1,0,60,60
118,Kˆln,Park,Schlosspark Stammheim,27-03-2020-11-01-50,27,0,1,1,1,1,1,1,0,1,2,5,9,13,17,19,20,18,15,10,6,3,1,0,0,1,1,1,1,1,0,1,1,3,5,7,11,15,18,20,20,18,14,10,6,4,2,1,0,0,1,1,1,1,0,0,1,2,3,5,9,13,18,20,21,25,32,27,12,4,1,1,0,1,1,0,1,1,0,0,0,2,5,9,15,22,28,29,27,21,15,9,5,3,2,1,0,1,1,1,1,1,1,0,1,4,7,23,55,85,87,66,46,34,23,14,9,6,5,4,3,1,1,1,1,1,1,1,0,1,6,23,55,85,87,66,46,34,23,14,9,6,5,4,3,2,1,0,0,1,1,0,0,2,10,34,70,95,100,90,68,40,19,8,4,3,2,1,0,60,60
119,Kˆln,Park,Volksgarten,26-03-2020-20-41-07,32,0,1,1,1,1,0,3,7,12,18,24,30,37,45,50,51,48,40,31,22,15,10,6,3,1,1,1,1,1,0,2,6,12,19,26,33,39,44,49,52,50,41,31,22,17,14,11,8,5,3,1,1,1,1,5,10,17,25,32,38,45,50,52,49,43,35,28,22,18,14,10,7,4,1,1,1,1,1,5,12,21,31,40,45,48,48,49,48,45,39,31,24,17,12,9,6,3,1,1,1,1,1,2,9,20,32,30,43,54,65,75,81,76,58,38,26,23,24,23,20,8,5,2,0,1,1,1,3,8,18,30,43,54,65,75,81,76,58,38,26,23,24,23,20,15,9,4,1,1,1,1,1,3,12,31,56,78,90,97,100,90,66,41,23,14,8,5,2,45,45
120,Kˆln,Park,Volksgarten,27-03-2020-09-00-29,15,0,1,1,1,1,0,3,7,12,18,24,30,37,45,50,51,48,40,31,22,15,10,6,3,1,1,1,1,1,0,2,6,12,19,26,33,39,44,49,52,50,41,31,22,17,14,11,8,5,3,1,1,1,1,5,10,17,25,32,38,45,50,52,49,43,35,28,22,18,14,10,7,4,1,1,1,1,1,5,12,21,31,40,45,48,48,49,48,45,39,31,24,17,12,9,6,3,1,1,1,1,1,2,9,20,32,30,43,54,65,75,81,76,58,38,26,23,24,23,20,8,5,2,0,1,1,1,3,8,18,30,43,54,65,75,81,76,58,38,26,23,24,23,20,15,9,4,1,1,1,1,1,3,12,31,56,78,90,97,100,90,66,41,23,14,8,5,2,45,45
121,Kˆln,Park,Volksgarten,27-03-2020-10-01-53,33,0,1,1,1,1,0,3,7,12,18,24,30,37,45,50,51,48,40,31,22,15,10,6,3,1,1,1,1,1,0,2,6,12,19,26,33,39,44,49,52,50,41,31,22,17,14,11,8,5,3,1,1,1,1,5,10,17,25,32,38,45,50,52,49,43,35,28,22,18,14,10,7,4,1,1,1,1,1,5,12,21,31,40,45,48,48,49,48,45,39,31,24,17,12,9,6,3,1,1,1,1,1,2,9,20,32,30,43,54,65,75,81,76,58,38,26,23,24,23,20,8,5,2,0,1,1,1,3,8,18,30,43,54,65,75,81,76,58,38,26,23,24,23,20,15,9,4,1,1,1,1,1,3,12,31,56,78,90,97,100,90,66,41,23,14,8,5,2,45,45
122,Kˆln,Park,Volksgarten,27-03-2020-11-00-51,37,0,1,1,1,1,0,3,7,12,18,24,30,37,45,50,51,48,40,31,22,15,10,6,3,1,1,1,1,1,0,2,6,12,19,26,33,39,44,49,52,50,41,31,22,17,14,11,8,5,3,1,1,1,1,5,10,17,25,32,38,45,50,52,49,43,35,28,22,18,14,10,7,4,1,1,1,1,1,5,12,21,31,40,45,48,48,49,48,45,39,31,24,17,12,9,6,3,1,1,1,1,1,2,9,20,32,30,43,54,65,75,81,76,58,38,26,23,24,23,20,8,5,2,0,1,1,1,3,8,18,30,43,54,65,75,81,76,58,38,26,23,24,23,20,15,9,4,1,1,1,1,1,3,12,31,56,78,90,97,100,90,66,41,23,14,8,5,2,45,45
123,Kˆln,Park,Vorgebirgs Park,26-03-2020-20-41-10,39,1,0,1,1,1,1,2,7,14,21,23,23,24,29,36,40,39,32,23,16,11,7,4,2,0,1,1,1,1,1,1,6,15,27,36,37,34,37,44,48,43,33,22,15,11,9,6,4,3,1,0,1,0,0,3,7,12,18,22,25,29,38,49,57,52,39,25,16,10,6,3,1,1,1,1,1,1,1,2,6,13,20,27,31,36,41,45,47,45,39,30,20,12,6,2,1,1,1,0,0,0,1,1,5,12,18,43,45,40,39,54,77,77,53,31,23,19,16,13,10,2,0,1,1,0,0,2,7,18,32,43,45,40,39,54,77,77,53,31,23,19,16,13,10,7,4,3,1,1,1,0,6,17,32,47,58,68,81,95,100,88,65,41,23,13,8,5,3,45,45
124,Kˆln,Park,Vorgebirgs Park,27-03-2020-09-00-33,34,1,0,1,1,1,1,2,7,14,21,23,23,24,29,36,40,39,32,23,16,11,7,4,2,0,1,1,1,1,1,1,6,15,27,36,37,34,37,44,48,43,33,22,15,11,9,6,4,3,1,0,1,0,0,3,7,12,18,22,25,29,38,49,57,52,39,25,16,10,6,3,1,1,1,1,1,1,1,2,6,13,20,27,31,36,41,45,47,45,39,30,20,12,6,2,1,1,1,0,0,0,1,1,5,12,18,43,45,40,39,54,77,77,53,31,23,19,16,13,10,2,0,1,1,0,0,2,7,18,32,43,45,40,39,54,77,77,53,31,23,19,16,13,10,7,4,3,1,1,1,0,6,17,32,47,58,68,81,95,100,88,65,41,23,13,8,5,3,45,45
125,Kˆln,Park,Vorgebirgs Park,27-03-2020-10-01-58,52,1,0,1,1,1,1,2,7,14,21,23,23,24,29,36,40,39,32,23,16,11,7,4,2,0,1,1,1,1,1,1,6,15,27,36,37,34,37,44,48,43,33,22,15,11,9,6,4,3,1,0,1,0,0,3,7,12,18,22,25,29,38,49,57,52,39,25,16,10,6,3,1,1,1,1,1,1,1,2,6,13,20,27,31,36,41,45,47,45,39,30,20,12,6,2,1,1,1,0,0,0,1,1,5,12,18,43,45,40,39,54,77,77,53,31,23,19,16,13,10,2,0,1,1,0,0,2,7,18,32,43,45,40,39,54,77,77,53,31,23,19,16,13,10,7,4,3,1,1,1,0,6,17,32,47,58,68,81,95,100,88,65,41,23,13,8,5,3,45,45
126,Kˆln,Park,Vorgebirgs Park,27-03-2020-11-00-55,75,1,0,1,1,1,1,2,7,14,21,23,23,24,29,36,40,39,32,23,16,11,7,4,2,0,1,1,1,1,1,1,6,15,27,36,37,34,37,44,48,43,33,22,15,11,9,6,4,3,1,0,1,0,0,3,7,12,18,22,25,29,38,49,57,52,39,25,16,10,6,3,1,1,1,1,1,1,1,2,6,13,20,27,31,36,41,45,47,45,39,30,20,12,6,2,1,1,1,0,0,0,1,1,5,12,18,43,45,40,39,54,77,77,53,31,23,19,16,13,10,2,0,1,1,0,0,2,7,18,32,43,45,40,39,54,77,77,53,31,23,19,16,13,10,7,4,3,1,1,1,0,6,17,32,47,58,68,81,95,100,88,65,41,23,13,8,5,3,45,45
127,Kˆln,Supermarket,Lidl Habsburgerring,26-03-2020-20-41-29,15,0,0,0,0,0,0,0,10,19,31,45,57,65,68,66,68,82,100,99,79,60,32,0,0,0,0,0,0,0,0,0,6,18,32,45,53,60,65,64,59,60,70,78,71,50,25,0,0,0,0,0,0,0,0,0,6,13,22,34,43,48,47,42,41,55,72,72,64,51,24,0,0,0,0,0,0,0,0,0,12,23,36,47,53,53,48,45,48,59,70,71,59,38,20,0,0,0,0,0,0,0,0,0,9,17,29,35,53,68,75,74,71,79,95,93,77,70,39,0,0,0,0,0,0,0,0,0,3,8,19,35,53,68,75,74,71,79,95,93,77,70,39,0,0,0,0,0,0,0,0,0,0,0,0,0,0,0,0,0,0,0,0,0,0,0,0,0,0,20,20
128,Kˆln,Supermarket,Lidl Habsburgerring,27-03-2020-09-00-51,33,0,0,0,0,0,0,0,10,19,31,45,57,65,68,66,68,82,100,99,79,60,32,0,0,0,0,0,0,0,0,0,6,18,32,45,53,60,65,64,59,60,70,78,71,50,25,0,0,0,0,0,0,0,0,0,6,13,22,34,43,48,47,42,41,55,72,72,64,51,24,0,0,0,0,0,0,0,0,0,12,23,36,47,53,53,48,45,48,59,70,71,59,38,20,0,0,0,0,0,0,0,0,0,9,17,29,35,53,68,75,74,71,79,95,93,77,70,39,0,0,0,0,0,0,0,0,0,3,8,19,35,53,68,75,74,71,79,95,93,77,70,39,0,0,0,0,0,0,0,0,0,0,0,0,0,0,0,0,0,0,0,0,0,0,0,0,0,0,20,20
129,Kˆln,Supermarket,Lidl Habsburgerring,27-03-2020-10-02-17,30,0,0,0,0,0,0,0,10,19,31,45,57,65,68,66,68,82,100,99,79,60,32,0,0,0,0,0,0,0,0,0,6,18,32,45,53,60,65,64,59,60,70,78,71,50,25,0,0,0,0,0,0,0,0,0,6,13,22,34,43,48,47,42,41,55,72,72,64,51,24,0,0,0,0,0,0,0,0,0,12,23,36,47,53,53,48,45,48,59,70,71,59,38,20,0,0,0,0,0,0,0,0,0,9,17,29,35,53,68,75,74,71,79,95,93,77,70,39,0,0,0,0,0,0,0,0,0,3,8,19,35,53,68,75,74,71,79,95,93,77,70,39,0,0,0,0,0,0,0,0,0,0,0,0,0,0,0,0,0,0,0,0,0,0,0,0,0,0,20,20
130,Kˆln,Supermarket,Lidl Habsburgerring,27-03-2020-11-01-18,51,0,0,0,0,0,0,0,10,19,31,45,57,65,68,66,68,82,100,99,79,60,32,0,0,0,0,0,0,0,0,0,6,18,32,45,53,60,65,64,59,60,70,78,71,50,25,0,0,0,0,0,0,0,0,0,6,13,22,34,43,48,47,42,41,55,72,72,64,51,24,0,0,0,0,0,0,0,0,0,12,23,36,47,53,53,48,45,48,59,70,71,59,38,20,0,0,0,0,0,0,0,0,0,9,17,29,35,53,68,75,74,71,79,95,93,77,70,39,0,0,0,0,0,0,0,0,0,3,8,19,35,53,68,75,74,71,79,95,93,77,70,39,0,0,0,0,0,0,0,0,0,0,0,0,0,0,0,0,0,0,0,0,0,0,0,0,0,0,20,20
131,Kˆln,Supermarket,REWE Eigelstein,26-03-2020-20-41-24,14,0,0,0,0,0,0,0,8,16,29,43,56,63,60,52,48,58,76,76,58,46,42,28,11,0,0,0,0,0,0,0,6,14,24,37,49,56,57,50,43,44,55,61,52,42,39,25,8,0,0,0,0,0,0,0,5,10,17,24,31,36,37,36,37,46,62,71,64,48,36,24,10,0,0,0,0,0,0,0,7,14,20,26,36,47,51,47,45,50,58,60,53,40,25,13,5,0,0,0,0,0,0,0,8,16,27,42,57,63,64,66,76,90,99,100,93,80,57,0,0,0,0,0,0,0,0,0,4,12,25,42,57,63,64,66,76,90,99,100,93,80,57,0,0,0,0,0,0,0,0,0,0,0,0,0,0,0,0,0,0,0,0,0,0,0,0,0,0,20,20
132,Kˆln,Supermarket,REWE Eigelstein,27-03-2020-09-00-46,26,0,0,0,0,0,0,0,8,16,29,43,56,63,60,52,48,58,76,76,58,46,42,28,11,0,0,0,0,0,0,0,6,14,24,37,49,56,57,50,43,44,55,61,52,42,39,25,8,0,0,0,0,0,0,0,5,10,17,24,31,36,37,36,37,46,62,71,64,48,36,24,10,0,0,0,0,0,0,0,7,14,20,26,36,47,51,47,45,50,58,60,53,40,25,13,5,0,0,0,0,0,0,0,8,16,27,42,57,63,64,66,76,90,99,100,93,80,57,0,0,0,0,0,0,0,0,0,4,12,25,42,57,63,64,66,76,90,99,100,93,80,57,0,0,0,0,0,0,0,0,0,0,0,0,0,0,0,0,0,0,0,0,0,0,0,0,0,0,20,20
133,Kˆln,Supermarket,REWE Eigelstein,27-03-2020-10-02-13,32,0,0,0,0,0,0,0,8,16,29,43,56,63,60,52,48,58,76,76,58,46,42,28,11,0,0,0,0,0,0,0,6,14,24,37,49,56,57,50,43,44,55,61,52,42,39,25,8,0,0,0,0,0,0,0,5,10,17,24,31,36,37,36,37,46,62,71,64,48,36,24,10,0,0,0,0,0,0,0,7,14,20,26,36,47,51,47,45,50,58,60,53,40,25,13,5,0,0,0,0,0,0,0,8,16,27,42,57,63,64,66,76,90,99,100,93,80,57,0,0,0,0,0,0,0,0,0,4,12,25,42,57,63,64,66,76,90,99,100,93,80,57,0,0,0,0,0,0,0,0,0,0,0,0,0,0,0,0,0,0,0,0,0,0,0,0,0,0,20,20
134,Kˆln,Supermarket,REWE Eigelstein,27-03-2020-11-01-10,36,0,0,0,0,0,0,0,8,16,29,43,56,63,60,52,48,58,76,76,58,46,42,28,11,0,0,0,0,0,0,0,6,14,24,37,49,56,57,50,43,44,55,61,52,42,39,25,8,0,0,0,0,0,0,0,5,10,17,24,31,36,37,36,37,46,62,71,64,48,36,24,10,0,0,0,0,0,0,0,7,14,20,26,36,47,51,47,45,50,58,60,53,40,25,13,5,0,0,0,0,0,0,0,8,16,27,42,57,63,64,66,76,90,99,100,93,80,57,0,0,0,0,0,0,0,0,0,4,12,25,42,57,63,64,66,76,90,99,100,93,80,57,0,0,0,0,0,0,0,0,0,0,0,0,0,0,0,0,0,0,0,0,0,0,0,0,0,0,20,20
135,Kˆln,Supermarket,REWE Hohenzollernring,27-03-2020-10-02-38,20,0,0,0,0,0,0,0,11,19,21,21,30,44,51,48,46,51,63,71,69,57,40,23,11,0,0,0,0,0,0,0,5,12,23,35,46,52,51,46,42,46,57,64,55,36,22,21,13,0,0,0,0,0,0,0,5,11,18,27,35,40,41,37,34,39,51,56,53,52,44,23,6,0,0,0,0,0,0,0,6,12,20,29,37,42,42,39,38,45,58,67,61,47,35,25,12,0,0,0,0,0,0,0,5,11,19,26,35,44,51,57,65,77,91,100,95,80,73,68,38,0,0,0,0,0,0,0,5,10,17,26,35,44,51,57,65,77,91,100,95,80,73,68,38,0,0,0,0,0,0,0,0,0,0,0,0,0,0,0,0,0,0,0,0,0,0,0,0,15,15
136,Kˆln,Supermarket,REWE Hohenzollernring,27-03-2020-11-01-52,32,0,0,0,0,0,0,0,11,19,21,21,30,44,51,48,46,51,63,71,69,57,40,23,11,0,0,0,0,0,0,0,5,12,23,35,46,52,51,46,42,46,57,64,55,36,22,21,13,0,0,0,0,0,0,0,5,11,18,27,35,40,41,37,34,39,51,56,53,52,44,23,6,0,0,0,0,0,0,0,6,12,20,29,37,42,42,39,38,45,58,67,61,47,35,25,12,0,0,0,0,0,0,0,5,11,19,26,35,44,51,57,65,77,91,100,95,80,73,68,38,0,0,0,0,0,0,0,5,10,17,26,35,44,51,57,65,77,91,100,95,80,73,68,38,0,0,0,0,0,0,0,0,0,0,0,0,0,0,0,0,0,0,0,0,0,0,0,0,15,15
137,Kˆln,Supermarket,REWE Richrath,26-03-2020-20-41-26,2,0,0,0,0,0,0,0,6,14,12,15,36,59,67,53,37,37,50,58,48,28,12,0,0,0,0,0,0,0,0,0,5,11,19,29,40,47,47,43,36,37,47,51,36,15,3,0,0,0,0,0,0,0,0,0,3,6,13,21,30,37,40,38,36,39,44,44,34,18,6,0,0,0,0,0,0,0,0,0,4,9,17,26,36,43,46,44,40,40,47,51,39,20,6,0,0,0,0,0,0,0,0,0,4,9,14,27,45,62,76,90,100,97,85,80,77,54,23,0,0,0,0,0,0,0,0,0,1,4,13,27,45,62,76,90,100,97,85,80,77,54,23,0,0,0,0,0,0,0,0,0,0,0,0,0,0,0,0,0,0,0,0,0,0,0,0,0,0,10,10
138,Kˆln,Supermarket,REWE Richrath,27-03-2020-09-00-49,15,0,0,0,0,0,0,0,6,14,12,15,36,59,67,53,37,37,50,58,48,28,12,0,0,0,0,0,0,0,0,0,5,11,19,29,40,47,47,43,36,37,47,51,36,15,3,0,0,0,0,0,0,0,0,0,3,6,13,21,30,37,40,38,36,39,44,44,34,18,6,0,0,0,0,0,0,0,0,0,4,9,17,26,36,43,46,44,40,40,47,51,39,20,6,0,0,0,0,0,0,0,0,0,4,9,14,27,45,62,76,90,100,97,85,80,77,54,23,0,0,0,0,0,0,0,0,0,1,4,13,27,45,62,76,90,100,97,85,80,77,54,23,0,0,0,0,0,0,0,0,0,0,0,0,0,0,0,0,0,0,0,0,0,0,0,0,0,0,10,10
139,Kˆln,Supermarket,REWE Richrath,27-03-2020-10-02-15,31,0,0,0,0,0,0,0,6,14,12,15,36,59,67,53,37,37,50,58,48,28,12,0,0,0,0,0,0,0,0,0,5,11,19,29,40,47,47,43,36,37,47,51,36,15,3,0,0,0,0,0,0,0,0,0,3,6,13,21,30,37,40,38,36,39,44,44,34,18,6,0,0,0,0,0,0,0,0,0,4,9,17,26,36,43,46,44,40,40,47,51,39,20,6,0,0,0,0,0,0,0,0,0,4,9,14,27,45,62,76,90,100,97,85,80,77,54,23,0,0,0,0,0,0,0,0,0,1,4,13,27,45,62,76,90,100,97,85,80,77,54,23,0,0,0,0,0,0,0,0,0,0,0,0,0,0,0,0,0,0,0,0,0,0,0,0,0,0,10,10
140,Kˆln,Supermarket,REWE Richrath,27-03-2020-11-01-13,32,0,0,0,0,0,0,0,6,14,12,15,36,59,67,53,37,37,50,58,48,28,12,0,0,0,0,0,0,0,0,0,5,11,19,29,40,47,47,43,36,37,47,51,36,15,3,0,0,0,0,0,0,0,0,0,3,6,13,21,30,37,40,38,36,39,44,44,34,18,6,0,0,0,0,0,0,0,0,0,4,9,17,26,36,43,46,44,40,40,47,51,39,20,6,0,0,0,0,0,0,0,0,0,4,9,14,27,45,62,76,90,100,97,85,80,77,54,23,0,0,0,0,0,0,0,0,0,1,4,13,27,45,62,76,90,100,97,85,80,77,54,23,0,0,0,0,0,0,0,0,0,0,0,0,0,0,0,0,0,0,0,0,0,0,0,0,0,0,10,10
141,Kˆln,Supermarket,REWE Waidmarkt,26-03-2020-20-41-28,9,0,0,0,0,0,0,0,8,25,38,40,46,59,62,53,51,66,87,91,73,44,20,0,0,0,0,0,0,0,0,0,14,27,34,39,52,66,63,52,52,65,75,69,51,30,13,0,0,0,0,0,0,0,0,0,6,15,25,35,47,56,54,45,42,55,73,76,59,33,12,0,0,0,0,0,0,0,0,0,9,17,26,37,46,51,50,46,45,53,65,64,45,25,23,0,0,0,0,0,0,0,0,0,10,19,30,42,58,71,80,84,85,88,95,100,89,62,33,0,0,0,0,0,0,0,0,0,9,17,28,42,58,71,80,84,85,88,95,100,89,62,33,0,0,0,0,0,0,0,0,0,0,0,0,0,0,0,0,0,0,0,0,0,0,0,0,0,0,20,20
142,Kˆln,Supermarket,REWE Waidmarkt,27-03-2020-09-00-50,20,0,0,0,0,0,0,0,8,25,38,40,46,59,62,53,51,66,87,91,73,44,20,0,0,0,0,0,0,0,0,0,14,27,34,39,52,66,63,52,52,65,75,69,51,30,13,0,0,0,0,0,0,0,0,0,6,15,25,35,47,56,54,45,42,55,73,76,59,33,12,0,0,0,0,0,0,0,0,0,9,17,26,37,46,51,50,46,45,53,65,64,45,25,23,0,0,0,0,0,0,0,0,0,10,19,30,42,58,71,80,84,85,88,95,100,89,62,33,0,0,0,0,0,0,0,0,0,9,17,28,42,58,71,80,84,85,88,95,100,89,62,33,0,0,0,0,0,0,0,0,0,0,0,0,0,0,0,0,0,0,0,0,0,0,0,0,0,0,20,20
143,Kˆln,Supermarket,REWE Waidmarkt,27-03-2020-10-02-16,19,0,0,0,0,0,0,0,8,25,38,40,46,59,62,53,51,66,87,91,73,44,20,0,0,0,0,0,0,0,0,0,14,27,34,39,52,66,63,52,52,65,75,69,51,30,13,0,0,0,0,0,0,0,0,0,6,15,25,35,47,56,54,45,42,55,73,76,59,33,12,0,0,0,0,0,0,0,0,0,9,17,26,37,46,51,50,46,45,53,65,64,45,25,23,0,0,0,0,0,0,0,0,0,10,19,30,42,58,71,80,84,85,88,95,100,89,62,33,0,0,0,0,0,0,0,0,0,9,17,28,42,58,71,80,84,85,88,95,100,89,62,33,0,0,0,0,0,0,0,0,0,0,0,0,0,0,0,0,0,0,0,0,0,0,0,0,0,0,20,20
144,Kˆln,Supermarket,REWE Waidmarkt,27-03-2020-11-01-15,33,0,0,0,0,0,0,0,8,25,38,40,46,59,62,53,51,66,87,91,73,44,20,0,0,0,0,0,0,0,0,0,14,27,34,39,52,66,63,52,52,65,75,69,51,30,13,0,0,0,0,0,0,0,0,0,6,15,25,35,47,56,54,45,42,55,73,76,59,33,12,0,0,0,0,0,0,0,0,0,9,17,26,37,46,51,50,46,45,53,65,64,45,25,23,0,0,0,0,0,0,0,0,0,10,19,30,42,58,71,80,84,85,88,95,100,89,62,33,0,0,0,0,0,0,0,0,0,9,17,28,42,58,71,80,84,85,88,95,100,89,62,33,0,0,0,0,0,0,0,0,0,0,0,0,0,0,0,0,0,0,0,0,0,0,0,0,0,0,20,20
145,M¸nchen,Park,Alter Botanischer Garten,26-03-2020-20-40-52,5,1,1,1,1,1,1,1,1,2,6,10,16,21,26,28,30,30,32,32,31,27,20,12,5,0,1,1,1,1,1,1,1,2,6,11,17,22,26,28,30,32,38,45,50,48,38,25,12,4,1,1,1,1,1,1,1,0,4,9,16,22,26,26,26,26,31,38,44,45,39,29,18,8,2,1,1,1,1,1,0,3,9,15,21,26,28,28,28,32,43,57,68,70,59,41,23,10,2,1,1,1,1,1,1,2,7,16,28,41,54,62,65,60,52,45,43,48,55,56,48,33,17,6,0,1,1,1,1,2,7,16,28,41,54,62,65,60,52,45,43,48,55,56,48,32,16,5,1,1,1,1,0,4,17,44,79,100,92,70,53,46,42,36,27,18,10,4,1,120,120
146,M¸nchen,Park,Alter Botanischer Garten,27-03-2020-09-00-14,11,1,1,1,1,1,1,1,1,2,6,10,16,21,26,28,30,30,32,32,31,27,20,12,5,0,1,1,1,1,1,1,1,2,6,11,17,22,26,28,30,32,38,45,50,48,38,25,12,4,1,1,1,1,1,1,1,0,4,9,16,22,26,26,26,26,31,38,44,45,39,29,18,8,2,1,1,1,1,1,0,3,9,15,21,26,28,28,28,32,43,57,68,70,59,41,23,10,2,1,1,1,1,1,1,2,7,16,28,41,54,62,65,60,52,45,43,48,55,56,48,33,17,6,0,1,1,1,1,2,7,16,28,41,54,62,65,60,52,45,43,48,55,56,48,32,16,5,1,1,1,1,0,4,17,44,79,100,92,70,53,46,42,36,27,18,10,4,1,120,120
147,M¸nchen,Park,Alter Botanischer Garten,27-03-2020-10-01-15,16,1,1,1,1,1,1,1,1,2,6,10,16,21,26,28,30,30,32,32,31,27,20,12,5,0,1,1,1,1,1,1,1,2,6,11,17,22,26,28,30,32,38,45,50,48,38,25,12,4,1,1,1,1,1,1,1,0,4,9,16,22,26,26,26,26,31,38,44,45,39,29,18,8,2,1,1,1,1,1,0,3,9,15,21,26,28,28,28,32,43,57,68,70,59,41,23,10,2,1,1,1,1,1,1,2,7,16,28,41,54,62,65,60,52,45,43,48,55,56,48,33,17,6,0,1,1,1,1,2,7,16,28,41,54,62,65,60,52,45,43,48,55,56,48,32,16,5,1,1,1,1,0,4,17,44,79,100,92,70,53,46,42,36,27,18,10,4,1,120,120
148,M¸nchen,Park,Alter Botanischer Garten,27-03-2020-11-00-24,13,1,1,1,1,1,1,1,1,2,6,10,16,21,26,28,30,30,32,32,31,27,20,12,5,0,1,1,1,1,1,1,1,2,6,11,17,22,26,28,30,32,38,45,50,48,38,25,12,4,1,1,1,1,1,1,1,0,4,9,16,22,26,26,26,26,31,38,44,45,39,29,18,8,2,1,1,1,1,1,0,3,9,15,21,26,28,28,28,32,43,57,68,70,59,41,23,10,2,1,1,1,1,1,1,2,7,16,28,41,54,62,65,60,52,45,43,48,55,56,48,33,17,6,0,1,1,1,1,2,7,16,28,41,54,62,65,60,52,45,43,48,55,56,48,32,16,5,1,1,1,1,0,4,17,44,79,100,92,70,53,46,42,36,27,18,10,4,1,120,120
149,M¸nchen,Park,Englischer Garten,26-03-2020-20-40-45,3,0,0,0,0,0,0,0,1,2,3,6,10,17,23,26,25,21,15,10,7,4,3,1,0,0,0,0,0,0,0,0,1,2,4,6,10,17,21,20,16,13,12,11,9,7,5,3,1,0,0,0,0,0,0,0,1,2,4,6,10,16,23,26,24,19,16,14,12,8,5,2,1,0,0,0,0,0,0,0,1,2,4,7,11,18,25,28,25,20,15,13,10,8,5,3,1,0,0,0,0,0,0,0,1,2,4,11,21,37,55,69,71,60,43,26,14,7,4,2,1,1,0,0,0,0,0,0,1,2,5,11,21,37,55,69,71,60,43,26,14,7,4,2,1,0,0,0,0,0,0,0,0,1,6,15,33,58,83,100,98,78,50,26,10,3,0,0,0,-,-
150,M¸nchen,Park,Englischer Garten,27-03-2020-09-00-09,13,0,0,0,0,0,0,0,1,2,3,6,10,17,23,26,25,21,15,10,7,4,3,1,0,0,0,0,0,0,0,0,1,2,4,6,10,17,21,20,16,13,12,11,9,7,5,3,1,0,0,0,0,0,0,0,1,2,4,6,10,16,23,26,24,19,16,14,12,8,5,2,1,0,0,0,0,0,0,0,1,2,4,7,11,18,25,28,25,20,15,13,10,8,5,3,1,0,0,0,0,0,0,0,1,2,4,11,21,37,55,69,71,60,43,26,14,7,4,2,1,1,0,0,0,0,0,0,1,2,5,11,21,37,55,69,71,60,43,26,14,7,4,2,1,0,0,0,0,0,0,0,0,1,6,15,33,58,83,100,98,78,50,26,10,3,0,0,0,-,-
151,M¸nchen,Park,Englischer Garten,27-03-2020-10-01-04,17,0,0,0,0,0,0,0,1,2,3,6,10,17,23,26,25,21,15,10,7,4,3,1,0,0,0,0,0,0,0,0,1,2,4,6,10,17,21,20,16,13,12,11,9,7,5,3,1,0,0,0,0,0,0,0,1,2,4,6,10,16,23,26,24,19,16,14,12,8,5,2,1,0,0,0,0,0,0,0,1,2,4,7,11,18,25,28,25,20,15,13,10,8,5,3,1,0,0,0,0,0,0,0,1,2,4,11,21,37,55,69,71,60,43,26,14,7,4,2,1,1,0,0,0,0,0,0,1,2,5,11,21,37,55,69,71,60,43,26,14,7,4,2,1,0,0,0,0,0,0,0,0,1,6,15,33,58,83,100,98,78,50,26,10,3,0,0,0,-,-
152,M¸nchen,Park,Englischer Garten,27-03-2020-11-00-17,17,0,0,0,0,0,0,0,1,2,3,6,10,17,23,26,25,21,15,10,7,4,3,1,0,0,0,0,0,0,0,0,1,2,4,6,10,17,21,20,16,13,12,11,9,7,5,3,1,0,0,0,0,0,0,0,1,2,4,6,10,16,23,26,24,19,16,14,12,8,5,2,1,0,0,0,0,0,0,0,1,2,4,7,11,18,25,28,25,20,15,13,10,8,5,3,1,0,0,0,0,0,0,0,1,2,4,11,21,37,55,69,71,60,43,26,14,7,4,2,1,1,0,0,0,0,0,0,1,2,5,11,21,37,55,69,71,60,43,26,14,7,4,2,1,0,0,0,0,0,0,0,0,1,6,15,33,58,83,100,98,78,50,26,10,3,0,0,0,-,-
153,M¸nchen,Park,Hofgarten,27-03-2020-10-02-30,8,0,0,1,1,0,1,0,1,3,6,10,17,28,38,41,37,27,19,14,11,8,5,3,1,0,1,0,0,1,1,0,1,2,6,12,21,31,37,35,28,20,15,11,9,6,5,3,2,1,0,1,1,1,0,0,1,3,5,9,16,25,33,35,30,21,13,7,5,3,2,1,0,0,1,1,1,1,1,0,1,2,6,13,25,40,51,51,41,28,18,12,8,6,3,2,0,0,1,0,0,0,0,0,2,4,8,14,31,57,84,100,95,73,47,27,16,11,8,6,5,4,3,1,0,0,0,0,0,2,5,14,31,57,84,100,95,73,47,27,16,11,8,6,5,3,2,1,0,1,1,1,0,1,5,15,34,59,82,96,95,75,43,18,7,4,3,2,1,45,45
154,M¸nchen,Park,Hofgarten,27-03-2020-11-01-40,9,0,0,1,1,0,1,0,1,3,6,10,17,28,38,41,37,27,19,14,11,8,5,3,1,0,1,0,0,1,1,0,1,2,6,12,21,31,37,35,28,20,15,11,9,6,5,3,2,1,0,1,1,1,0,0,1,3,5,9,16,25,33,35,30,21,13,7,5,3,2,1,0,0,1,1,1,1,1,0,1,2,6,13,25,40,51,51,41,28,18,12,8,6,3,2,0,0,1,0,0,0,0,0,2,4,8,14,31,57,84,100,95,73,47,27,16,11,8,6,5,4,3,1,0,0,0,0,0,2,5,14,31,57,84,100,95,73,47,27,16,11,8,6,5,3,2,1,0,1,1,1,0,1,5,15,34,59,82,96,95,75,43,18,7,4,3,2,1,45,45
155,M¸nchen,Park,Luitpoldpark,26-03-2020-20-40-49,19,2,1,1,1,1,1,1,1,3,6,9,10,11,15,22,27,23,17,14,14,13,9,5,1,1,1,0,0,1,1,1,0,1,3,5,7,10,13,15,17,19,21,23,25,24,21,16,10,5,2,0,1,1,1,1,0,2,4,7,11,14,16,18,19,22,26,30,32,29,23,14,7,2,1,1,1,1,1,1,0,2,4,7,11,15,20,24,27,29,32,38,43,41,32,19,9,3,0,1,1,0,0,0,2,3,6,9,18,30,42,52,56,52,42,30,22,21,21,15,7,15,8,3,1,1,1,1,0,1,4,9,18,30,42,52,56,52,42,30,22,21,21,15,7,2,0,0,1,1,1,1,0,3,11,22,32,40,57,85,100,78,44,23,17,15,12,8,5,120,120
156,M¸nchen,Park,Luitpoldpark,27-03-2020-09-00-11,21,2,1,1,1,1,1,1,1,3,6,9,10,11,15,22,27,23,17,14,14,13,9,5,1,1,1,0,0,1,1,1,0,1,3,5,7,10,13,15,17,19,21,23,25,24,21,16,10,5,2,0,1,1,1,1,0,2,4,7,11,14,16,18,19,22,26,30,32,29,23,14,7,2,1,1,1,1,1,1,0,2,4,7,11,15,20,24,27,29,32,38,43,41,32,19,9,3,0,1,1,0,0,0,2,3,6,9,18,30,42,52,56,52,42,30,22,21,21,15,7,15,8,3,1,1,1,1,0,1,4,9,18,30,42,52,56,52,42,30,22,21,21,15,7,2,0,0,1,1,1,1,0,3,11,22,32,40,57,85,100,78,44,23,17,15,12,8,5,120,120
157,M¸nchen,Park,Luitpoldpark,27-03-2020-10-01-10,24,2,1,1,1,1,1,1,1,3,6,9,10,11,15,22,27,23,17,14,14,13,9,5,1,1,1,0,0,1,1,1,0,1,3,5,7,10,13,15,17,19,21,23,25,24,21,16,10,5,2,0,1,1,1,1,0,2,4,7,11,14,16,18,19,22,26,30,32,29,23,14,7,2,1,1,1,1,1,1,0,2,4,7,11,15,20,24,27,29,32,38,43,41,32,19,9,3,0,1,1,0,0,0,2,3,6,9,18,30,42,52,56,52,42,30,22,21,21,15,7,15,8,3,1,1,1,1,0,1,4,9,18,30,42,52,56,52,42,30,22,21,21,15,7,2,0,0,1,1,1,1,0,3,11,22,32,40,57,85,100,78,44,23,17,15,12,8,5,120,120
158,M¸nchen,Park,Luitpoldpark,27-03-2020-11-00-20,33,2,1,1,1,1,1,1,1,3,6,9,10,11,15,22,27,23,17,14,14,13,9,5,1,1,1,0,0,1,1,1,0,1,3,5,7,10,13,15,17,19,21,23,25,24,21,16,10,5,2,0,1,1,1,1,0,2,4,7,11,14,16,18,19,22,26,30,32,29,23,14,7,2,1,1,1,1,1,1,0,2,4,7,11,15,20,24,27,29,32,38,43,41,32,19,9,3,0,1,1,0,0,0,2,3,6,9,18,30,42,52,56,52,42,30,22,21,21,15,7,15,8,3,1,1,1,1,0,1,4,9,18,30,42,52,56,52,42,30,22,21,21,15,7,2,0,0,1,1,1,1,0,3,11,22,32,40,57,85,100,78,44,23,17,15,12,8,5,120,120
159,M¸nchen,Park,Schlosspark Nymphenburg,27-03-2020-10-02-31,16,0,0,0,0,0,0,0,0,2,6,12,20,28,33,31,24,15,8,0,0,0,0,0,0,0,0,0,0,0,0,1,0,3,7,13,19,22,23,21,17,11,6,0,0,0,0,0,0,0,0,0,0,0,0,1,0,3,7,13,20,25,27,26,21,13,7,0,0,0,0,0,0,0,0,0,0,0,0,1,0,1,6,15,25,31,34,34,28,19,11,0,0,0,0,0,0,0,0,0,0,0,0,1,0,3,9,18,35,47,51,55,51,35,17,0,0,0,0,0,0,0,0,0,0,0,0,1,1,1,6,18,35,47,51,55,51,35,17,0,0,0,0,0,0,0,0,0,0,0,0,1,0,2,10,30,58,79,90,100,93,62,27,0,0,0,0,0,0,90,90
160,M¸nchen,Park,Schlosspark Nymphenburg,27-03-2020-11-01-42,18,0,0,0,0,0,0,0,0,2,6,12,20,28,33,31,24,15,8,0,0,0,0,0,0,0,0,0,0,0,0,1,0,3,7,13,19,22,23,21,17,11,6,0,0,0,0,0,0,0,0,0,0,0,0,1,0,3,7,13,20,25,27,26,21,13,7,0,0,0,0,0,0,0,0,0,0,0,0,1,0,1,6,15,25,31,34,34,28,19,11,0,0,0,0,0,0,0,0,0,0,0,0,1,0,3,9,18,35,47,51,55,51,35,17,0,0,0,0,0,0,0,0,0,0,0,0,1,1,1,6,18,35,47,51,55,51,35,17,0,0,0,0,0,0,0,0,0,0,0,0,1,0,2,10,30,58,79,90,100,93,62,27,0,0,0,0,0,0,90,90
161,M¸nchen,Supermarket,Edeka M¸nchen Implerstr. 17,27-03-2020-09-00-54,34,0,0,0,0,0,0,0,7,13,22,32,42,48,49,45,42,45,55,54,33,0,0,0,0,0,0,0,0,0,0,0,9,17,26,35,42,44,41,35,30,35,49,48,26,0,0,0,0,0,0,0,0,0,0,0,7,12,19,27,33,35,34,29,27,35,49,45,22,0,0,0,0,0,0,0,0,0,0,0,8,15,22,29,34,35,33,29,31,40,49,46,29,0,0,0,0,0,0,0,0,0,0,0,12,24,34,60,78,89,88,79,76,89,100,78,39,0,0,0,0,0,0,0,0,0,0,0,10,22,39,60,78,89,88,79,76,89,100,78,39,0,0,0,0,0,0,0,0,0,0,0,0,0,0,0,0,0,0,0,0,0,0,0,0,0,0,0,0,25,25
162,M¸nchen,Supermarket,Edeka M¸nchen Implerstr. 17,27-03-2020-10-02-20,25,0,0,0,0,0,0,0,7,13,22,32,42,48,49,45,42,45,55,54,33,0,0,0,0,0,0,0,0,0,0,0,9,17,26,35,42,44,41,35,30,35,49,48,26,0,0,0,0,0,0,0,0,0,0,0,7,12,19,27,33,35,34,29,27,35,49,45,22,0,0,0,0,0,0,0,0,0,0,0,8,15,22,29,34,35,33,29,31,40,49,46,29,0,0,0,0,0,0,0,0,0,0,0,12,24,34,60,78,89,88,79,76,89,100,78,39,0,0,0,0,0,0,0,0,0,0,0,10,22,39,60,78,89,88,79,76,89,100,78,39,0,0,0,0,0,0,0,0,0,0,0,0,0,0,0,0,0,0,0,0,0,0,0,0,0,0,0,0,25,25
163,M¸nchen,Supermarket,Edeka M¸nchen Implerstr. 17,27-03-2020-11-01-22,41,0,0,0,0,0,0,0,7,13,22,32,42,48,49,45,42,45,55,54,33,0,0,0,0,0,0,0,0,0,0,0,9,17,26,35,42,44,41,35,30,35,49,48,26,0,0,0,0,0,0,0,0,0,0,0,7,12,19,27,33,35,34,29,27,35,49,45,22,0,0,0,0,0,0,0,0,0,0,0,8,15,22,29,34,35,33,29,31,40,49,46,29,0,0,0,0,0,0,0,0,0,0,0,12,24,34,60,78,89,88,79,76,89,100,78,39,0,0,0,0,0,0,0,0,0,0,0,10,22,39,60,78,89,88,79,76,89,100,78,39,0,0,0,0,0,0,0,0,0,0,0,0,0,0,0,0,0,0,0,0,0,0,0,0,0,0,0,0,25,25
164,M¸nchen,Supermarket,Real Margot-Kalinke,27-03-2020-09-00-57,26,0,0,0,0,0,0,0,4,10,18,28,37,40,38,33,31,38,44,40,26,0,0,0,0,0,0,0,0,0,0,0,5,11,19,26,34,37,34,27,22,27,37,36,23,0,0,0,0,0,0,0,0,0,0,0,2,5,12,20,28,33,31,26,22,24,31,32,22,0,0,0,0,0,0,0,0,0,0,0,2,6,15,26,34,37,33,30,28,31,38,36,22,0,0,0,0,0,0,0,0,0,0,0,5,12,21,63,83,95,97,97,99,100,96,75,40,0,0,0,0,0,0,0,0,0,0,0,10,22,41,63,83,95,97,97,99,100,96,75,40,0,0,0,0,0,0,0,0,0,0,0,0,0,0,0,0,0,0,0,0,0,0,0,0,0,0,0,0,15,45
165,M¸nchen,Supermarket,Real Margot-Kalinke,27-03-2020-10-02-23,35,0,0,0,0,0,0,0,4,10,18,28,37,40,38,33,31,38,44,40,26,0,0,0,0,0,0,0,0,0,0,0,5,11,19,26,34,37,34,27,22,27,37,36,23,0,0,0,0,0,0,0,0,0,0,0,2,5,12,20,28,33,31,26,22,24,31,32,22,0,0,0,0,0,0,0,0,0,0,0,2,6,15,26,34,37,33,30,28,31,38,36,22,0,0,0,0,0,0,0,0,0,0,0,5,12,21,63,83,95,97,97,99,100,96,75,40,0,0,0,0,0,0,0,0,0,0,0,10,22,41,63,83,95,97,97,99,100,96,75,40,0,0,0,0,0,0,0,0,0,0,0,0,0,0,0,0,0,0,0,0,0,0,0,0,0,0,0,0,15,45
166,M¸nchen,Supermarket,Real Margot-Kalinke,27-03-2020-11-01-28,55,0,0,0,0,0,0,0,4,10,18,28,37,40,38,33,31,38,44,40,26,0,0,0,0,0,0,0,0,0,0,0,5,11,19,26,34,37,34,27,22,27,37,36,23,0,0,0,0,0,0,0,0,0,0,0,2,5,12,20,28,33,31,26,22,24,31,32,22,0,0,0,0,0,0,0,0,0,0,0,2,6,15,26,34,37,33,30,28,31,38,36,22,0,0,0,0,0,0,0,0,0,0,0,5,12,21,63,83,95,97,97,99,100,96,75,40,0,0,0,0,0,0,0,0,0,0,0,10,22,41,63,83,95,97,97,99,100,96,75,40,0,0,0,0,0,0,0,0,0,0,0,0,0,0,0,0,0,0,0,0,0,0,0,0,0,0,0,0,15,45
167,M¸nchen,Supermarket,Rewe Anulfstrasse,27-03-2020-09-00-55,15,0,0,0,0,0,0,0,39,32,9,23,56,81,72,44,30,39,49,45,27,0,0,0,0,0,0,0,0,0,0,0,31,36,23,31,63,84,73,45,33,40,46,39,23,0,0,0,0,0,0,0,0,0,0,0,23,37,26,33,64,80,60,30,21,30,40,36,22,0,0,0,0,0,0,0,0,0,0,0,20,26,20,33,77,100,65,28,27,44,50,36,17,0,0,0,0,0,0,0,0,0,0,0,25,34,29,24,28,29,28,31,40,50,51,59,62,0,0,0,0,0,0,0,0,0,0,0,5,11,17,24,28,29,28,31,40,50,51,59,62,0,0,0,0,0,0,0,0,0,0,0,0,0,0,0,0,0,0,0,0,0,0,0,0,0,0,0,0,20,20
168,M¸nchen,Supermarket,Rewe Anulfstrasse,27-03-2020-10-02-21,23,0,0,0,0,0,0,0,39,32,9,23,56,81,72,44,30,39,49,45,27,0,0,0,0,0,0,0,0,0,0,0,31,36,23,31,63,84,73,45,33,40,46,39,23,0,0,0,0,0,0,0,0,0,0,0,23,37,26,33,64,80,60,30,21,30,40,36,22,0,0,0,0,0,0,0,0,0,0,0,20,26,20,33,77,100,65,28,27,44,50,36,17,0,0,0,0,0,0,0,0,0,0,0,25,34,29,24,28,29,28,31,40,50,51,59,62,0,0,0,0,0,0,0,0,0,0,0,5,11,17,24,28,29,28,31,40,50,51,59,62,0,0,0,0,0,0,0,0,0,0,0,0,0,0,0,0,0,0,0,0,0,0,0,0,0,0,0,0,20,20
169,M¸nchen,Supermarket,Rewe Anulfstrasse,27-03-2020-11-01-24,35,0,0,0,0,0,0,0,39,32,9,23,56,81,72,44,30,39,49,45,27,0,0,0,0,0,0,0,0,0,0,0,31,36,23,31,63,84,73,45,33,40,46,39,23,0,0,0,0,0,0,0,0,0,0,0,23,37,26,33,64,80,60,30,21,30,40,36,22,0,0,0,0,0,0,0,0,0,0,0,20,26,20,33,77,100,65,28,27,44,50,36,17,0,0,0,0,0,0,0,0,0,0,0,25,34,29,24,28,29,28,31,40,50,51,59,62,0,0,0,0,0,0,0,0,0,0,0,5,11,17,24,28,29,28,31,40,50,51,59,62,0,0,0,0,0,0,0,0,0,0,0,0,0,0,0,0,0,0,0,0,0,0,0,0,0,0,0,0,20,20
170,M¸nchen,Supermarket,REWE Tal,27-03-2020-10-02-33,18,0,0,0,0,0,0,0,4,8,14,21,27,32,33,32,31,39,53,53,33,0,0,0,0,0,0,0,0,0,0,0,10,16,16,19,26,35,38,36,37,44,49,41,23,0,0,0,0,0,0,0,0,0,0,0,4,8,10,14,19,26,30,27,20,16,31,55,39,0,0,0,0,0,0,0,0,0,0,0,7,12,15,18,22,27,32,31,26,26,42,51,29,0,0,0,0,0,0,0,0,0,0,0,9,13,15,14,20,25,32,42,55,65,66,100,89,0,0,0,0,0,0,0,0,0,0,0,1,4,8,14,20,25,32,42,55,65,66,100,89,0,0,0,0,0,0,0,0,0,0,0,0,0,0,0,0,0,0,0,0,0,0,0,0,0,0,0,0,20,20
171,M¸nchen,Supermarket,REWE Tal,27-03-2020-11-01-44,20,0,0,0,0,0,0,0,4,8,14,21,27,32,33,32,31,39,53,53,33,0,0,0,0,0,0,0,0,0,0,0,10,16,16,19,26,35,38,36,37,44,49,41,23,0,0,0,0,0,0,0,0,0,0,0,4,8,10,14,19,26,30,27,20,16,31,55,39,0,0,0,0,0,0,0,0,0,0,0,7,12,15,18,22,27,32,31,26,26,42,51,29,0,0,0,0,0,0,0,0,0,0,0,9,13,15,14,20,25,32,42,55,65,66,100,89,0,0,0,0,0,0,0,0,0,0,0,1,4,8,14,20,25,32,42,55,65,66,100,89,0,0,0,0,0,0,0,0,0,0,0,0,0,0,0,0,0,0,0,0,0,0,0,0,0,0,0,0,20,20
172,M¸nchen,Supermarket,Verdi Supermarkt Berlin,27-03-2020-09-00-56,13,0,0,0,0,0,0,0,0,7,16,26,36,43,47,46,44,48,53,44,24,0,0,0,0,0,0,0,0,0,0,0,0,6,16,30,44,50,47,41,39,39,36,27,15,0,0,0,0,0,0,0,0,0,0,0,0,3,9,18,28,34,36,35,31,29,32,28,12,0,0,0,0,0,0,0,0,0,0,0,0,4,11,21,32,40,42,37,36,43,49,38,18,0,0,0,0,0,0,0,0,0,0,0,0,8,16,42,63,79,85,85,88,98,100,79,45,0,0,0,0,0,0,0,0,0,0,0,0,10,23,42,63,79,85,85,88,98,100,79,45,0,0,0,0,0,0,0,0,0,0,0,0,0,0,0,0,0,0,0,0,0,0,0,0,0,0,0,0,25,25
173,M¸nchen,Supermarket,Verdi Supermarkt Berlin,27-03-2020-10-02-22,20,0,0,0,0,0,0,0,0,7,16,26,36,43,47,46,44,48,53,44,24,0,0,0,0,0,0,0,0,0,0,0,0,6,16,30,44,50,47,41,39,39,36,27,15,0,0,0,0,0,0,0,0,0,0,0,0,3,9,18,28,34,36,35,31,29,32,28,12,0,0,0,0,0,0,0,0,0,0,0,0,4,11,21,32,40,42,37,36,43,49,38,18,0,0,0,0,0,0,0,0,0,0,0,0,8,16,42,63,79,85,85,88,98,100,79,45,0,0,0,0,0,0,0,0,0,0,0,0,10,23,42,63,79,85,85,88,98,100,79,45,0,0,0,0,0,0,0,0,0,0,0,0,0,0,0,0,0,0,0,0,0,0,0,0,0,0,0,0,25,25
174,M¸nchen,Supermarket,Verdi Supermarkt Berlin,27-03-2020-11-01-26,26,0,0,0,0,0,0,0,0,7,16,26,36,43,47,46,44,48,53,44,24,0,0,0,0,0,0,0,0,0,0,0,0,6,16,30,44,50,47,41,39,39,36,27,15,0,0,0,0,0,0,0,0,0,0,0,0,3,9,18,28,34,36,35,31,29,32,28,12,0,0,0,0,0,0,0,0,0,0,0,0,4,11,21,32,40,42,37,36,43,49,38,18,0,0,0,0,0,0,0,0,0,0,0,0,8,16,42,63,79,85,85,88,98,100,79,45,0,0,0,0,0,0,0,0,0,0,0,0,10,23,42,63,79,85,85,88,98,100,79,45,0,0,0,0,0,0,0,0,0,0,0,0,0,0,0,0,0,0,0,0,0,0,0,0,0,0,0,0,25,25
